Date,Time,Day,Station,Code,Min Delay,Min Gap,Bound,Line,Vehicle
2021/07/01,06:02,Thursday,MCCOWAN STATION,TRNIP,6,12,S,SRT,3004
2021/07/01,03:59,Thursday,ST GEORGE YUS STATION,MUO,0,0,S,YU,0
2021/07/01,06:10,Thursday,DUNDAS WEST STATION,MUSC,0,0,E,BD,5158
2021/07/01,15:45,Thursday,SCARBOROUGH RAPID TRAN,MRWEA,0,0,,SRT,0
2021/07/01,08:56,Thursday,EGLINTON STATION,TUNIP,5,10,N,YU,5846
2021/07/01,09:24,Thursday,SHEPPARD STATION,MUDD,5,10,N,YU,5386
2021/07/01,10:01,Thursday,DUFFERIN STATION,EUNT,3,8,W,BD,5209
2021/07/01,10:26,Thursday,VAUGHAN MC STATION,MUTO,4,10,S,YU,5841
2021/07/01,10:58,Thursday,VAUGHAN MC STATION,EUPI,6,12,S,YU,5746
2021/07/01,11:27,Thursday,ROSEDALE STATION,MUATC,6,11,S,YU,5636
2021/07/01,11:53,Thursday,FINCH WEST STATION,SUPOL,7,12,S,YU,5666
2021/07/01,12:22,Thursday,UNION STATION,MUPAA,4,9,N,YU,5691
2021/07/01,13:10,Thursday,DONLANDS STATION,SUAE,0,0,W,BD,5148
2021/07/01,13:27,Thursday,LAWRENCE WEST STATION,SUDP,0,0,,YU,0
2021/07/01,14:46,Thursday,BLOOR STATION,SUDP,4,9,S,YU,5521
2021/07/01,15:24,Thursday,WILSON STATION,SUAP,6,11,N,YU,5521
2021/07/01,15:56,Thursday,UNION STATION,PUMEL,0,0,,YU,0
2021/07/01,16:12,Thursday,YORK MILLS STATION,MUIR,12,17,S,YU,5476
2021/07/01,16:42,Thursday,FINCH STATION,TUSC,0,0,S,YU,5481
2021/07/01,17:51,Thursday,KENNEDY BD STATION,MUIS,0,0,,BD,0
2021/07/01,18:06,Thursday,QUEEN'S PARK STATION,EUDO,5,10,N,YU,5561
2021/07/01,18:11,Thursday,MUSEUM STATION,EUDO,3,8,N,YU,5561
2021/07/01,18:27,Thursday,DUPONT STATION,SUDP,11,16,N,YU,5436
2021/07/01,19:51,Thursday,CHESTER STATION,MUI,13,19,W,BD,5242
2021/07/01,20:19,Thursday,COLLEGE STATION,PUMEL,0,0,,YU,0
2021/07/01,22:00,Thursday,YONGE-UNIVERSITY AND B,MUO,0,0,,YU/BD,0
2021/07/01,22:12,Thursday,WELLESLEY STATION,PUMEL,0,0,,YU,0
2021/07/01,22:59,Thursday,FINCH STATION,MUNOA,7,14,S,YU,5516
2021/07/01,23:23,Thursday,MAIN STREET STATION,SUDP,0,0,E,BD,5141
2021/07/01,00:35,Thursday,YORK MILLS STATION,MUSAN,7,14,N,YU,5696
2021/07/01,00:40,Thursday,ST CLAIR STATION,MUIS,0,0,,YU,0
2021/07/01,05:55,Thursday,BAYVIEW STATION,TUNIP,4,0,E,SHP,6181
2021/07/01,15:16,Thursday,SHEPPARD-YONGE STATION,MUSC,0,0,W,SHP,6176
2021/07/01,23:05,Thursday,SHEPPARD-YONGE STATION,MUPAA,3,9,E,SHP,6181
2021/07/02,05:05,Friday,QUEEN STATION,MUNCA,0,0,,YU,0
2021/07/02,06:00,Friday,TORONTO TRANSIT COMMIS,MRO,0,0,,SRT,0
2021/07/02,06:00,Friday,TORONTO TRANSIT COMMIS,MUO,0,0,,YU,0
2021/07/02,06:48,Friday,BROADVIEW STATION,EUDO,3,7,E,BD,5265
2021/07/02,07:09,Friday,MAIN STREET STATION,MUD,3,7,W,BD,5077
2021/07/02,09:58,Friday,DUPONT STATION,MUIR,0,0,S,YU,5716
2021/07/02,10:12,Friday,ROSEDALE STATION,SUDP,0,0,N,YU,6056
2021/07/02,11:25,Friday,SUMMERHILL STATION,MUPAA,0,0,S,YU,6071
2021/07/02,11:29,Friday,DAVISVILLE STATION,MUPAA,0,0,S,YU,6071
2021/07/02,11:52,Friday,WELLESLEY STATION,SUDP,3,6,N,YU,5686
2021/07/02,12:08,Friday,LAWRENCE STATION,MUPAA,0,0,N,YU,5686
2021/07/02,12:23,Friday,YONGE BD STATION,MUIR,0,0,W,BD,5077
2021/07/02,12:54,Friday,LAWRENCE STATION,MUPAA,0,0,N,YU,5481
2021/07/02,13:37,Friday,DAVISVILLE STATION,MUPAA,0,0,S,YU,6051
2021/07/02,14:10,Friday,SHERBOURNE STATION,SUDP,0,0,W,BD,0
2021/07/02,15:00,Friday,VAUGHAN MC STATION,MUNOA,3,6,S,YU,5556
2021/07/02,15:24,Friday,YORK MILLS STATION,TUOS,3,6,N,YU,5501
2021/07/02,16:45,Friday,VAUGHAN MC STATION,MUNOA,3,6,S,YU,5656
2021/07/02,16:49,Friday,QUEEN STATION,SUDP,5,8,N,YU,5626
2021/07/02,16:55,Friday,NORTH YORK CTR STATION,SUSA,12,15,S,YU,5656
2021/07/02,17:11,Friday,MUSEUM STATION,PUSAC,5,8,N,YU,5786
2021/07/02,17:21,Friday,KING STATION,PUMEL,0,0,,YU,0
2021/07/02,17:27,Friday,FINCH STATION,TUSC,0,0,N,YU,5726
2021/07/02,17:30,Friday,KIPLING STATION,EUPI,4,8,E,BD,5133
2021/07/02,17:42,Friday,KIPLING STATION,MUIRS,0,0,,BD,0
2021/07/02,17:54,Friday,OLD MILL STATION,EUCD,4,8,E,BD,5133
2021/07/02,18:02,Friday,HIGH PARK STATION,EUCD,4,8,E,BD,5133
2021/07/02,18:03,Friday,FINCH STATION,TUMVS,3,6,N,YU,5501
2021/07/02,18:40,Friday,FINCH STATION,PUMEL,0,0,,YU,0
2021/07/02,19:53,Friday,SUMMERHILL STATION,TUOS,5,10,N,YU,5546
2021/07/02,20:35,Friday,DUNDAS WEST STATION,SUO,0,0,W,BD,5077
2021/07/02,20:35,Friday,VAUGHAN MC STATION,MUNOA,5,10,S,YU,5506
2021/07/02,21:06,Friday,PAPE STATION,SUDP,7,14,E,BD,5253
2021/07/02,21:18,Friday,MUSEUM STATION,MUI,15,22,S,YU,5676
2021/07/02,21:50,Friday,KENNEDY BD STATION,MUIS,0,0,,BD,0
2021/07/02,22:00,Friday,YONGE-UNIVERSITY AND B,MUO,0,0,,YU/BD,0
2021/07/02,22:20,Friday,YORKDALE STATION,SUDP,5,12,N,YU,5691
2021/07/02,22:28,Friday,WILSON STATION,MUIR,8,15,N,YU,5691
2021/07/02,22:45,Friday,CHESTER STATION,SUPOL,0,0,W,BD,5113
2021/07/02,22:54,Friday,BATHURST STATION,MUIS,0,0,,BD,0
2021/07/02,23:18,Friday,COLLEGE STATION,EUDO,0,0,N,YU,5501
2021/07/02,23:21,Friday,KIPLING STATION,SUPOL,7,14,E,BD,5113
2021/07/02,23:44,Friday,COXWELL STATION,MUIS,0,0,,BD,0
2021/07/02,00:04,Friday,LAWRENCE STATION,MUIS,0,0,S,YU,5516
2021/07/02,01:10,Friday,WELLESLEY STATION,MUIS,0,0,,YU,0
2021/07/02,06:00,Friday,TORONTO TRANSIT COMMIS,MUO,0,0,,SHP,0
2021/07/02,13:42,Friday,BAYVIEW TO SHEPAPRD/YO,TUO,0,0,E,SHP,6166
2021/07/03,19:57,Saturday,SRT LINE,MRWEA,0,0,,SRT,0
2021/07/03,03:01,Saturday,VAUGHAN MC STATION,MUO,0,0,N,YU,0
2021/07/03,05:53,Saturday,KEELE STATION,TUCC,0,0,W,BD,5179
2021/07/03,05:57,Saturday,ST PATRICK STATION,EUDO,10,0,S,YU,5936
2021/07/03,06:12,Saturday,DUNDAS STATION,SUDP,0,0,,YU,0
2021/07/03,06:27,Saturday,KING STATION,MUIS,0,0,,YU,0
2021/07/03,06:52,Saturday,EGLINTON STATION,MUNOA,5,10,N,YU,5521
2021/07/03,09:03,Saturday,BLOOR STATION,TUS,5,11,S,YU,5621
2021/07/03,10:16,Saturday,FINCH STATION,MUTO,4,8,S,YU,5706
2021/07/03,11:15,Saturday,DUFFERIN STATION,MUIR,3,7,E,BD,5081
2021/07/03,11:38,Saturday,ST CLAIR WEST STATION,PUMEL,0,0,,YU,0
2021/07/03,11:53,Saturday,EGLINTON STATION,PUSTS,7,11,N,YU,5781
2021/07/03,11:58,Saturday,KIPLING STATION,MUPAA,0,0,E,BD,5041
2021/07/03,12:45,Saturday,VAUGHAN MC STATION,MUNOA,4,8,S,YU,5841
2021/07/03,12:57,Saturday,VAUGHAN MC STATION,MUNOA,4,8,S,YU,5781
2021/07/03,13:10,Saturday,JANE STATION,SUDP,0,0,,BD,0
2021/07/03,13:47,Saturday,KENNEDY BD STATION,MUI,4,8,W,BD,5126
2021/07/03,14:04,Saturday,SUMMERHILL STATION,MUNCA,0,0,,YU,0
2021/07/03,14:11,Saturday,KENNEDY BD STATION,MUNOA,4,8,E,BD,5288
2021/07/03,14:19,Saturday,FINCH STATION,TUNIP,5,9,S,YU,5636
2021/07/03,14:34,Saturday,UNION STATION,MUPAA,0,0,N,YU,5491
2021/07/03,14:44,Saturday,ST ANDREW STATION,MUPAA,0,0,S,YU,6031
2021/07/03,14:50,Saturday,JANE STATION,MUIR,0,0,E,BD,5081
2021/07/03,14:52,Saturday,KING STATION,MUPAA,3,7,N,YU,5616
2021/07/03,14:58,Saturday,KIPLING STATION,EUDO,4,8,W,BD,5242
2021/07/03,15:19,Saturday,WILSON STATION,MUNOA,4,8,N,YU,5586
2021/07/03,16:40,Saturday,PAPE STATION,SUAP,6,10,E,BD,5038
2021/07/03,17:21,Saturday,COLLEGE STATION,MUPAA,3,7,N,YU,6006
2021/07/03,17:32,Saturday,WILSON STATION,MUIRS,0,0,,YU,0
2021/07/03,18:24,Saturday,ST CLAIR WEST STATION,MUIS,0,0,,YU,0
2021/07/03,18:27,Saturday,VAUGHAN MC STATION,MUNOA,5,10,S,YU,5701
2021/07/03,19:52,Saturday,FINCH STATION,MUTO,4,9,S,YU,5786
2021/07/03,20:23,Saturday,SPADINA YUS STATION,MUIS,0,0,N,YU,5681
2021/07/03,20:52,Saturday,JANE STATION,MUIS,0,0,,BD,0
2021/07/03,21:29,Saturday,DUNDAS WEST STATION,MUI,0,0,E,BD,5004
2021/07/03,22:00,Saturday,YONGE-UNIVERSITY AND B,MUO,0,0,,YU/BD,0
2021/07/03,23:00,Saturday,KENNEDY BD STATION,MUIS,0,0,,BD,0
2021/07/03,23:19,Saturday,FINCH STATION,SUDP,7,14,N,YU,5851
2021/07/03,23:31,Saturday,WOODBINE STATION,MUIS,0,0,,BD,0
2021/07/03,23:34,Saturday,LAWRENCE STATION,MUIS,0,0,N,YU,0
2021/07/03,13:20,Saturday,DON MILLS STATION,TUSUP,0,0,W,SHP,6161
2021/07/04,08:21,Sunday,NORTH YORK CTR STATION,TUO,0,0,S,YU,5516
2021/07/04,21:53,Sunday,SCARBOROUGH CTR STATIO,MRUIR,0,0,,SRT,0
2021/07/04,08:38,Sunday,OSSINGTON STATION,PUMEL,0,0,,BD,0
2021/07/04,09:52,Sunday,KENNEDY BD STATION,MUIRS,0,0,,BD,0
2021/07/04,14:22,Sunday,QUEEN STATION,SUUT,7,12,N,YU,5886
2021/07/04,14:32,Sunday,ST GEORGE YUS STATION,SUDP,0,0,N,YU,0
2021/07/04,14:38,Sunday,QUEEN STATION,SUDP,8,13,N,YU,5726
2021/07/04,16:32,Sunday,EGLINTON STATION,MUIS,0,0,,YU,0
2021/07/04,16:47,Sunday,RUNNYMEDE STATION,SUO,0,0,W,BD,5144
2021/07/04,17:18,Sunday,BAY STATION,SUO,4,9,E,BD,5004
2021/07/04,18:10,Sunday,GREENWOOD STATION,MUNCA,0,0,,BD,0
2021/07/04,18:20,Sunday,ROSEDALE STATION,EUNT,8,13,N,YU,6056
2021/07/04,18:56,Sunday,LAWRENCE STATION,MUPLC,4,9,N,YU,6021
2021/07/04,20:05,Sunday,QUEEN STATION,MUPAA,4,9,N,YU,5521
2021/07/04,20:14,Sunday,VAUGHAN MC STATION,TUNIP,5,12,S,YU,5826
2021/07/04,21:07,Sunday,WELLESLEY STATION,SUDP,17,24,N,YU,5386
2021/07/04,21:15,Sunday,KENNEDY BD STATION,SUAE,4,11,E,BD,5043
2021/07/04,21:20,Sunday,DAVISVILLE STATION,PUMEL,0,0,,YU,0
2021/07/04,22:00,Sunday,YONGE-UNIVERSITY AND B,MUO,0,0,,YU/BD,0
2021/07/04,22:04,Sunday,SHEPPARD STATION,SUO,0,0,,YU,0
2021/07/04,23:47,Sunday,COXWELL STATION,SUDP,3,10,E,BD,5157
2021/07/04,00:42,Sunday,ST ANDREW STATION,EUVE,5,12,N,YU,0
2021/07/04,00:51,Sunday,ISLINGTON STATION,MUNCA,0,0,,BD,0
2021/07/04,01:27,Sunday,FINCH STATION,MUIS,0,0,,YU,0
2021/07/04,01:37,Sunday,KENNEDY BD STATION,MUIS,0,0,,BD,0
2021/07/05,11:38,Monday,SRT LINE,MRWEA,0,0,,SRT,0
2021/07/05,02:40,Monday,VAUGHAN MC STATION,MUIRS,0,0,S,YU,0
2021/07/05,05:45,Monday,KIPLING STATION,EULV,5,10,W,BD,5216
2021/07/05,18:33,Monday,MCCOWAN STATION,PREL,0,0,,SRT,0
2021/07/05,19:13,Monday,KENNEDY SRT STATION,PREL,0,0,,SRT,0
2021/07/05,06:02,Monday,SHEPPARD STATION,MUSC,0,0,N,YU,5841
2021/07/05,06:43,Monday,FINCH STATION,EUBK,5,8,S,YU,5901
2021/07/05,06:53,Monday,KING STATION,MUIR,8,11,S,YU,5491
2021/07/05,07:36,Monday,KIPLING STATION,EUO,0,0,E,BD,5216
2021/07/05,07:54,Monday,KING STATION,MUIS,0,0,S,YU,5661
2021/07/05,08:45,Monday,FINCH STATION,MUSC,0,0,S,YU,5716
2021/07/05,10:20,Monday,DUNDAS STATION,SUAP,12,15,S,YU,5616
2021/07/05,10:20,Monday,VAUGHAN MC STATION,MUCL,10,13,S,YU,6006
2021/07/05,10:24,Monday,PAPE STATION,SUUT,3,7,E,BD,5175
2021/07/05,10:32,Monday,KING STATION,MUATC,3,6,N,YU,5381
2021/07/05,10:41,Monday,ST GEORGE YUS STATION,MUATC,6,9,S,YU,5711
2021/07/05,10:47,Monday,DUNDAS WEST STATION,MUIRS,0,0,,BD,0
2021/07/05,10:53,Monday,HIGHWAY 407 STATION,MUTO,3,6,S,YU,5851
2021/07/05,11:53,Monday,YONGE BD STATION,MUIS,0,0,E,BD,0
2021/07/05,12:01,Monday,VICTORIA PARK STATION,PUSTS,3,7,W,BD,5069
2021/07/05,14:17,Monday,VAUGHAN MC STATION,MUNOA,3,6,S,YU,5616
2021/07/05,14:19,Monday,COLLEGE STATION,SUPOL,0,0,N,YU,5646
2021/07/05,14:26,Monday,PAPE STATION,MUIRS,0,0,E,BD,0
2021/07/05,14:41,Monday,SPADINA BD STATION,SUAP,20,24,E,BD,5183
2021/07/05,15:20,Monday,ROSEDALE STATION,PUSTC,11,14,S,YU,5476
2021/07/05,15:33,Monday,SPADINA BD STATION,MUIS,0,0,,YU,0
2021/07/05,15:50,Monday,MAIN STREET STATION,PUMEL,0,0,,BD,0
2021/07/05,16:02,Monday,ST GEORGE BD STATION,SUO,3,4,E,BD,5324
2021/07/05,17:10,Monday,DUNDAS STATION,MUNCA,0,0,S,YU,0
2021/07/05,17:13,Monday,OSSINGTON STATION,SUO,0,0,,BD,0
2021/07/05,17:27,Monday,QUEEN STATION,PUMST,0,0,,YU,0
2021/07/05,18:01,Monday,SHEPPARD WEST STATION,SUSA,0,0,,YU,0
2021/07/05,18:07,Monday,KENNEDY BD STATION,MUPAA,0,0,,BD,5209
2021/07/05,18:50,Monday,KENNEDY BD STATION,PUTSC,12,19,E,BD,5215
2021/07/05,18:53,Monday,ROSEDALE STATION,SUUT,3,6,S,YU,5606
2021/07/05,19:19,Monday,YORKDALE STATION,SUO,0,0,,YU,0
2021/07/05,19:25,Monday,EGLINTON STATION,MUSC,0,0,S,YU,5716
2021/07/05,19:35,Monday,WARDEN STATION,MUIRS,0,0,,BD,0
2021/07/05,20:13,Monday,ROSEDALE STATION,EUNT,8,13,S,YU,6046
2021/07/05,20:16,Monday,COXWELL STATION,MUIS,0,0,,BD,0
2021/07/05,21:05,Monday,EGLINTON STATION,MUIS,0,0,,YU,0
2021/07/05,21:45,Monday,SHEPPARD STATION,PUSTC,7,14,S,YU,5881
2021/07/05,22:00,Monday,YONGE-UNIVERSITY AND B,MUO,0,0,,YU/BD,0
2021/07/05,22:01,Monday,ISLINGTON STATION,EUBK,0,0,E,BD,5240
2021/07/05,22:08,Monday,SHEPPARD STATION,PUSTC,0,0,S,YU,5716
2021/07/05,22:26,Monday,BLOOR STATION,SUUT,0,0,S,YU,5716
2021/07/05,22:28,Monday,BATHURST STATION,EUME,9,16,W,BD,5144
2021/07/05,22:32,Monday,KIPLING STATION,MUIR,6,13,E,BD,5136
2021/07/05,22:58,Monday,SPADINA BD STATION,SUAP,8,15,E,BD,5183
2021/07/05,23:00,Monday,KING STATION TO ST CLA,MUO,0,0,B,YU,0
2021/07/05,23:05,Monday,EGLINTON WEST STATION,MUIS,0,0,N,YU,0
2021/07/05,23:21,Monday,PAPE STATION,SUAP,0,0,E,BD,0
2021/07/05,23:30,Monday,KENNEDY BD STATION,MUIS,0,0,,BD,0
2021/07/05,23:38,Monday,ISLINGTON STATION,MUIR,3,10,W,BD,5101
2021/07/05,23:50,Monday,SHEPPARD STATION,PUSTC,0,0,S,YU,5516
2021/07/05,00:08,Monday,SHEPPARD STATION,PUSTC,3,10,S,YU,6071
2021/07/05,00:33,Monday,ST CLAIR WEST STATION,SUUT,0,0,S,YU,5931
2021/07/05,20:04,Monday,DON MILLS STATION,PUMO,0,0,,SHP,0
2021/07/06,09:29,Tuesday,SCARBOROUGH RAPID TRAN,MRWEA,0,0,,SRT,0
2021/07/06,06:35,Tuesday,VICTORIA PARK STATION,MUIS,0,0,W,BD,5120
2021/07/06,06:38,Tuesday,LAWRENCE STATION,TUOS,3,6,N,YU,5751
2021/07/06,06:50,Tuesday,FINCH STATION,MUSC,0,0,S,YU,5891
2021/07/06,07:06,Tuesday,YONGE BD STATION,MUPAA,0,0,W,BD,5144
2021/07/06,07:11,Tuesday,ROYAL YORK STATION,TUSC,4,8,E,BD,5290
2021/07/06,07:36,Tuesday,BLOOR STATION,MUPLB,31,34,N,YU,5576
2021/07/06,07:52,Tuesday,QUEEN STATION,SUAE,0,0,,YU,0
2021/07/06,07:59,Tuesday,UNION STATION,MUPAA,0,0,S,YU,5516
2021/07/06,08:00,Tuesday,RUNNYMEDE STATION,MUPAA,3,7,W,BD,5084
2021/07/06,08:23,Tuesday,KENNEDY BD STATION,MUPAA,0,0,W,BD,5144
2021/07/06,08:57,Tuesday,BLOOR STATION,TUO,3,6,N,YU,5896
2021/07/06,09:41,Tuesday,WELLESLEY STATION,MUNCA,0,0,,YU,0
2021/07/06,10:07,Tuesday,OLD MILL STATION,MUSC,0,0,E,BD,5343
2021/07/06,10:46,Tuesday,VAUGHAN MC STATION,PUMEL,0,0,,YU,0
2021/07/06,10:57,Tuesday,SHEPPARD STATION,PUTR,5,8,S,YU,5386
2021/07/06,11:38,Tuesday,SHEPPARD STATION,PUTR,6,9,S,YU,5846
2021/07/06,11:41,Tuesday,DAVISVILLE STATION,PUSTS,3,6,N,YU,5451
2021/07/06,13:58,Tuesday,EGLINTON STATION,MUI,10,13,S,YU,5386
2021/07/06,14:12,Tuesday,DUNDAS WEST STATION,PUMEL,0,0,,BD,0
2021/07/06,14:32,Tuesday,ST CLAIR STATION,TUO,0,0,S,YU,5481
2021/07/06,14:48,Tuesday,SHEPPARD STATION,PUTR,3,6,S,YU,5946
2021/07/06,14:51,Tuesday,SPADINA YUS STATION,SUDP,0,0,N,YU,5526
2021/07/06,15:21,Tuesday,VAUGHAN MC STATION,MUNOA,3,6,S,YU,5541
2021/07/06,15:50,Tuesday,KENNEDY BD STATION,PUTSC,4,8,W,BD,5069
2021/07/06,16:38,Tuesday,KENNEDY BD STATION,PUTSC,4,8,W,BD,5117
2021/07/06,16:58,Tuesday,WILSON STATION,MUATC,0,0,N,YU,5766
2021/07/06,17:59,Tuesday,LAWRENCE STATION,MUIRS,4,7,S,YU,5561
2021/07/06,18:31,Tuesday,BLOOR STATION,MUIS,0,0,N,YU,0
2021/07/06,18:49,Tuesday,BLOOR STATION,MUATC,0,0,S,YU,6071
2021/07/06,19:04,Tuesday,KIPLING STATION,PUMST,0,0,,BD,0
2021/07/06,21:03,Tuesday,VICTORIA PARK STATION,SUUT,6,13,W,BD,5067
2021/07/06,21:34,Tuesday,DUNDAS WEST STATION,SUAP,0,0,,BD,0
2021/07/06,22:00,Tuesday,YONGE-UNIVERSITY AND B,MUO,0,0,,YU / BD,0
2021/07/06,22:17,Tuesday,SPADINA BD STATION,MUIS,0,0,,BD,0
2021/07/06,22:36,Tuesday,SHEPPARD WEST STATION,MUPAA,0,0,N,YU,5746
2021/07/06,23:00,Tuesday,YONGE-UNIVERSITY AND B,MUO,0,0,B,YU,0
2021/07/06,23:10,Tuesday,OSGOODE STATION,SUDP,6,13,S,YU,5596
2021/07/06,23:14,Tuesday,QUEEN'S PARK STATION,SUDP,7,14,N,YU,5836
2021/07/06,23:45,Tuesday,COXWELL STATION,MUIS,0,0,E,BD,5160
2021/07/06,00:36,Tuesday,YONGE BD STATION,SUDP,0,0,W,BD,0
2021/07/06,01:57,Tuesday,KENNEDY BD STATION,PUSTC,17,24,E,BD,5066
2021/07/06,18:57,Tuesday,BAYVIEW STATION,PUOPO,3,8,E,SHP,6171
2021/07/06,23:04,Tuesday,LESLIE STATION,PUOPO,3,7,W,SHP,6146
2021/07/07,08:33,Wednesday,SCARBOROUGH CTR STATIO,ERDO,15,20,S,SRT,3022
2021/07/07,02:52,Wednesday,YORK MILLS STATION,PUTOE,0,0,N,YU,0
2021/07/07,03:39,Wednesday,COLLEGE TO KING,PUTO,0,0,,YU,0
2021/07/07,16:08,Wednesday,SCARBOROUGH CTR STATIO,MRUI,0,0,,SRT,0
2021/07/07,05:51,Wednesday,GREENWOOD STATION,EUDO,7,12,E,BD,5192
2021/07/07,22:30,Wednesday,SCARBOROUGH CTR STATIO,SRO,0,0,,SRT,0
2021/07/07,06:04,Wednesday,UNION STATION,TUO,4,7,N,YU,5426
2021/07/07,06:20,Wednesday,DAVISVILLE STATION,PUSTS,3,6,N,YU,5426
2021/07/07,06:23,Wednesday,FINCH STATION,MUSC,0,0,S,YU,5551
2021/07/07,07:28,Wednesday,RUNNYMEDE STATION,SUAP,0,0,,BD,0
2021/07/07,09:33,Wednesday,HIGHWAY 407 STATION,SUDP,0,0,N,BD,5646
2021/07/07,10:33,Wednesday,FINCH STATION,MUPAA,0,0,S,YU,5866
2021/07/07,11:31,Wednesday,VAUGHAN MC STATION,TUNIP,4,7,S,YU,5791
2021/07/07,12:29,Wednesday,KENNEDY BD STATION,PUSTC,10,14,W,BD,5059
2021/07/07,12:39,Wednesday,ROYAL YORK STATION,TUSC,9,13,E,BD,5297
2021/07/07,13:05,Wednesday,QUEEN STATION,MUIS,0,0,,YU,0
2021/07/07,13:38,Wednesday,EGLINTON STATION,EUBK,3,7,S,YU,5911
2021/07/07,14:56,Wednesday,EGLINTON STATION,TUMVS,0,0,N,YU,5701
2021/07/07,14:56,Wednesday,KEELE STATION,MUSC,3,7,W,BD,5059
2021/07/07,15:07,Wednesday,EGLINTON STATION,MUIRS,3,6,S,YU,5746
2021/07/07,15:28,Wednesday,BLOOR STATION,MUIR,3,6,S,YU,5766
2021/07/07,15:48,Wednesday,BLOOR STATION,MUIS,0,0,N,YU,5901
2021/07/07,15:48,Wednesday,BLOOR STATION,MUIR,12,15,S,YU,5951
2021/07/07,16:58,Wednesday,YONGE BD STATION,MUO,4,8,W,BD,5363
2021/07/07,17:48,Wednesday,SPADINA BD STATION,SUDP,3,7,E,BD,5297
2021/07/07,19:37,Wednesday,PIONEER VILLAGE STATIO,SUO,0,0,N,YU,5861
2021/07/07,19:41,Wednesday,PAPE STATION,MUO,0,0,E,BD,5324
2021/07/07,19:50,Wednesday,SPADINA YUS STATION,SUDP,3,6,N,YU,5676
2021/07/07,19:53,Wednesday,SPADINA BD STATION,SUDP,0,0,E,BD,5223
2021/07/07,20:02,Wednesday,CASTLE FRANK STATION,SUDP,0,0,,BD,0
2021/07/07,20:04,Wednesday,CASTLE FRANK STATION,SUDP,0,0,W,BD,5142
2021/07/07,20:45,Wednesday,BLOOR STATION,MUIRS,0,0,,YU,0
2021/07/07,20:51,Wednesday,ST PATRICK STATION,SUDP,4,11,N,YU,5936
2021/07/07,21:54,Wednesday,YONGE BD STATION,PUSTS,0,0,W,BD,5142
2021/07/07,22:00,Wednesday,YONGE-UNIVERSITY AND B,MUO,0,0,B,YU/BD,0
2021/07/07,22:01,Wednesday,KENNEDY BD STATION,MUIS,0,0,,BD,0
2021/07/07,22:24,Wednesday,YONGE BD STATION,PUSTS,3,10,W,BD,5211
2021/07/07,22:34,Wednesday,ST ANDREW STATION,SUDP,0,0,N,YU,5926
2021/07/07,22:42,Wednesday,ST ANDREW STATION,SUDP,5,12,N,YU,6066
2021/07/07,22:50,Wednesday,ST ANDREW STATION,SUDP,3,10,S,YU,5941
2021/07/07,23:00,Wednesday,DUPONT STATION,MUPAA,0,0,N,YU,5651
2021/07/07,23:00,Wednesday,YONGE-UNIVERSITY AND B,MUO,0,0,B,YU,0
2021/07/07,23:16,Wednesday,DUNDAS STATION,MUIS,0,0,N,YU,0
2021/07/07,00:00,Wednesday,KENNEDY BD STATION,MUO,0,0,E,BD,0
2021/07/07,00:30,Wednesday,YORK MILLS STATION,TUOS,4,11,S,YU,5506
2021/07/07,01:06,Wednesday,FINCH STATION,MUIS,0,0,S,YU,0
2021/07/08,02:07,Thursday,DAVISVILLE YARD,PUTOE,0,0,N,YU,0
2021/07/08,12:53,Thursday,MCCOWAN STATION,ERDO,0,0,S,SRT,3022
2021/07/08,02:27,Thursday,KIPLING STATION,MUIS,0,0,,BD,0
2021/07/08,05:32,Thursday,JANE STATION,MUIS,0,0,E,BD,0
2021/07/08,06:01,Thursday,GREENWOOD STATION,MUTO,4,9,E,BD,5113
2021/07/08,08:28,Thursday,ROSEDALE STATION,MUATC,4,7,S,YU,5526
2021/07/08,08:40,Thursday,SHEPPARD STATION,MUO,0,0,,YU,0
2021/07/08,10:03,Thursday,DUNDAS STATION,MUIS,0,0,,YU,0
2021/07/08,11:20,Thursday,EGLINTON STATION,MUNCA,0,0,,YU,0
2021/07/08,12:57,Thursday,YORK MILLS STATION,TUSC,0,0,N,YU,5931
2021/07/08,13:24,Thursday,HIGHWAY 407 STATION,MUPAA,0,0,N,YU,5556
2021/07/08,13:30,Thursday,QUEEN'S PARK STATION,MUIRS,0,0,N,YU,5616
2021/07/08,14:06,Thursday,RUNNYMEDE STATION,TUO,0,0,W,BD,5285
2021/07/08,15:19,Thursday,LAWRENCE STATION,TUOS,3,6,S,YU,5611
2021/07/08,16:26,Thursday,EGLINTON STATION,EUNT,4,7,S,YU,5431
2021/07/08,16:33,Thursday,ST ANDREW STATION,EUNT,3,6,S,YU,5516
2021/07/08,16:53,Thursday,ST GEORGE YUS STATION,MUIE,14,17,S,YU,5666
2021/07/08,17:01,Thursday,SHEPPARD STATION,MUIRS,0,0,S,YU,0
2021/07/08,17:04,Thursday,KING STATION,MUIRS,0,0,S,YU,0
2021/07/08,17:14,Thursday,OSSINGTON STATION,TUNCA,0,0,,BD,0
2021/07/08,17:31,Thursday,SPADINA BD STATION,MUD,0,0,W,BD,5112
2021/07/08,17:38,Thursday,PIONEER VILLAGE STATIO,MUSAN,3,6,S,YU,5571
2021/07/08,17:48,Thursday,WARDEN STATION,TUMVS,0,0,W,BD,5352
2021/07/08,19:58,Thursday,SUMMERHILL STATION,MUPAA,0,0,S,YU,5761
2021/07/08,20:26,Thursday,DUNDAS STATION,MUSAN,5,10,N,YU,5966
2021/07/08,20:28,Thursday,FINCH STATION,PUTD,5,10,N,YU,6076
2021/07/08,20:59,Thursday,BROADVIEW STATION,PUMST,0,0,,BD,0
2021/07/08,21:42,Thursday,BROADVIEW STATION,MUIRS,0,0,,BD,0
2021/07/08,22:00,Thursday,YONGE-UNIVERSITY AND B,MUO,0,0,,YU/BD,0
2021/07/08,22:43,Thursday,BLOOR STATION,SUDP,0,0,N,YU,0
2021/07/08,23:00,Thursday,ST CLAIR WEST STATION,MUO,0,0,B,YUS,0
2021/07/08,23:07,Thursday,OSSINGTON STATION,SUDP,7,14,E,BD,5038
2021/07/08,23:34,Thursday,KENNEDY BD STATION,MUIS,0,0,,BD,0
2021/07/08,00:54,Thursday,BAY STATION,SUDP,4,11,W,BD,5135
2021/07/08,01:00,Thursday,ROSEDALE STATION,MUATC,4,11,S,YU,5961
2021/07/08,11:37,Thursday,DON MILLS STATION,TUSC,0,0,E,SHP,6196
2021/07/08,12:21,Thursday,SHEPPARD-YONGE STATION,TUMVS,0,0,W,SHP,6186
2021/07/08,18:51,Thursday,LESLIE STATION,TUSC,0,0,W,SHP,6186
2021/07/09,07:03,Friday,KING STATION,PUMEL,0,0,,YU,0
2021/07/09,00:05,Friday,MCCOWAN YARD,MRIE,0,0,,SRT,3014
2021/07/09,07:05,Friday,KENNEDY BD STATION,SUDP,3,7,W,BD,5120
2021/07/09,09:56,Friday,COXWELL STATION,MUIS,0,0,,BD,0
2021/07/09,11:48,Friday,ISLINGTON STATION,SUDP,0,0,,BD,0
2021/07/09,11:54,Friday,KENNEDY BD STATION,PUMEL,0,0,,BD,0
2021/07/09,12:04,Friday,UNION STATION,SUUT,4,7,N,YU,5971
2021/07/09,13:38,Friday,BATHURST STATION,MUIR,11,15,W,BD,5293
2021/07/09,14:06,Friday,BROADVIEW STATION,MUI,9,13,W,BD,5140
2021/07/09,14:09,Friday,UNION STATION,MUIR,9,12,N,YU,5936
2021/07/09,14:18,Friday,KIPLING STATION,MUTO,4,8,E,BD,5211
2021/07/09,14:27,Friday,DAVISVILLE STATION,MUPAA,0,0,N,YU,5966
2021/07/09,14:53,Friday,MAIN STREET STATION,TUSC,0,0,W,BD,5290
2021/07/09,14:58,Friday,FINCH STATION,MUPAA,0,0,S,YU,5626
2021/07/09,15:09,Friday,SHEPPARD STATION,MUPAA,3,6,S,YU,5556
2021/07/09,15:59,Friday,KIPLING STATION,MUTO,4,8,W,BD,5211
2021/07/09,17:18,Friday,ST GEORGE BD STATION,SUDP,3,8,E,BD,5142
2021/07/09,18:02,Friday,OSSINGTON STATION,MUPLA,61,65,E,BD,5075
2021/07/09,18:48,Friday,SPADINA BD STATION,MUNCA,0,0,,BD,0
2021/07/09,18:55,Friday,KIPLING STATION,MUTO,4,8,W,BD,5211
2021/07/09,18:57,Friday,YONGE BD STATION,SUAP,0,0,,BD,0
2021/07/09,18:58,Friday,YORK MILLS STATION,MUIS,0,0,S,YU,0
2021/07/09,18:59,Friday,SHERBOURNE STATION,MUPAA,3,8,E,BD,5216
2021/07/09,19:39,Friday,DUNDAS STATION,SUUT,0,0,N,YU,5621
2021/07/09,20:15,Friday,KENNEDY BD STATION,SUAP,7,14,E,BD,5152
2021/07/09,20:16,Friday,YONGE BD STATION,EUSC,0,0,E,BD,6001
2021/07/09,20:25,Friday,BROADVIEW STATION,EUSC,0,0,E,BD,6001
2021/07/09,20:44,Friday,WILSON STATION,MUI,19,26,S,YU,5456
2021/07/09,21:17,Friday,EGLINTON STATION,PUMEL,0,0,,YU,0
2021/07/09,21:20,Friday,YONGE BD STATION,MUIS,0,0,,BD,0
2021/07/09,22:00,Friday,YONGE-UNIVERSITY AND B,MUO,0,0,,YU/BD,0
2021/07/09,22:10,Friday,BLOOR STATION,SUEAS,8,15,N,YU,5651
2021/07/09,23:30,Friday,SPADINA BD STATION,MUIS,0,0,,BD,0
2021/07/09,00:35,Friday,COLLEGE STATION,SUDP,0,0,S,YU,5581
2021/07/09,01:07,Friday,MAIN STREET STATION,MUIRS,0,0,W,BD,0
2021/07/09,01:18,Friday,KEELE STATION,PUMEL,0,0,,BD,0
2021/07/09,01:18,Friday,ROSEDALE STATION,MUIS,0,0,N,YU,0
2021/07/09,10:31,Friday,SHEPPARD STATION,PUMEL,0,0,,SHP,0
2021/07/09,13:48,Friday,BAYVIEW STATION,MUIRS,0,0,W,SHP,0
2021/07/09,17:03,Friday,BAYVIEW STATION,PUOPO,5,10,E,SHP,6181
2021/07/09,17:20,Friday,SHEPPARD-YONGE STATION,MUPAA,5,10,E,SHP,6156
2021/07/09,17:40,Friday,BESSARION STATION,PUOPO,5,10,E,SHP,6181
2021/07/10,01:22,Saturday,SCARBOROUGH CTR STATIO,MRUIR,0,0,,SRT,0
2021/07/10,02:00,Saturday,YORKDALE STATION,TUO,4,11,N,YU,5656
2021/07/10,06:35,Saturday,FINCH STATION,MUIS,0,0,,YU,0
2021/07/10,09:28,Saturday,NORTH YORK CTR STATION,MUO,0,0,,YU,0
2021/07/10,09:36,Saturday,KENNEDY BD STATION,TUMVS,5,10,E,BD,5253
2021/07/10,10:23,Saturday,KIPLING STATION,MUIS,0,0,,BD,0
2021/07/10,10:46,Saturday,VAUGHAN MC STATION,MUNOA,4,8,S,YU,0
2021/07/10,10:51,Saturday,WILSON STATION,EUO,5,9,S,YU,5841
2021/07/10,11:28,Saturday,VICTORIA PARK STATION,SUAP,0,0,W,BD,5005
2021/07/10,12:07,Saturday,ISLINGTON STATION,TUMVS,3,7,W,BD,5155
2021/07/10,12:12,Saturday,KIPLING STATION,TUO,4,8,W,BD,5155
2021/07/10,12:52,Saturday,ST PATRICK STATION,MUIRS,0,0,S,YU,0
2021/07/10,12:59,Saturday,OSSINGTON STATION,SUDP,3,7,W,BD,5168
2021/07/10,13:48,Saturday,ROYAL YORK STATION,MUIR,0,0,W,BD,5227
2021/07/10,14:11,Saturday,FINCH STATION,TUNIP,4,8,S,YU,5611
2021/07/10,16:16,Saturday,BROADVIEW STATION,SUDP,3,7,W,BD,5023
2021/07/10,16:28,Saturday,DUNDAS STATION,SUAP,0,0,,YU,0
2021/07/10,17:19,Saturday,VAUGHAN MC STATION,MUNOA,4,8,S,YU,0
2021/07/10,18:20,Saturday,VAUGHAN MC STATION,MUNOA,5,10,S,YU,0
2021/07/10,18:25,Saturday,YONGE BD STATION,SUAP,0,0,E,BD,0
2021/07/10,18:29,Saturday,SPADINA BD STATION,MUPAA,0,0,W,BD,5168
2021/07/10,19:21,Saturday,BATHURST STATION,SUUT,5,9,W,BD,5170
2021/07/10,20:13,Saturday,LAWRENCE STATION,MUPAA,0,0,S,YU,5866
2021/07/10,21:25,Saturday,DUNDAS WEST STATION,SUDP,0,0,,BD,0
2021/07/10,21:30,Saturday,BROADVIEW STATION,SUDP,4,11,E,BD,5189
2021/07/10,21:40,Saturday,DUNDAS WEST STATION,SUDP,0,0,,BD,0
2021/07/10,22:00,Saturday,YONGE-UNIVERSITY AND B,MUO,0,0,,YU/BD,0
2021/07/10,22:26,Saturday,ST CLAIR WEST STATION,PUMEL,0,0,,YU,0
2021/07/10,23:03,Saturday,KENNEDY BD STATION,MUPAA,0,0,E,BD,5112
2021/07/10,23:13,Saturday,VAUGHAN MC STATION,SUDP,0,0,,YU,0
2021/07/10,23:24,Saturday,DUNDAS WEST STATION,MUIS,0,0,,BD,0
2021/07/10,00:20,Saturday,VICTORIA PARK STATION,MUIS,0,0,,BD,0
2021/07/10,01:43,Saturday,WELLESLEY STATION,SUDP,0,0,N,YU,5666
2021/07/10,08:21,Saturday,SHEPPARD-YONGE STATION,MUSC,0,0,E,SHP,6191
2021/07/10,10:55,Saturday,SHEPPARD-YONGE STATION,MUSC,0,0,E,SHP,6191
2021/07/11,11:29,Sunday,MCCOWAN STATION,MRTO,11,17,S,SRT,3022
2021/07/11,02:29,Sunday,UNION STATION,SUDP,0,0,,YU,0
2021/07/11,06:00,Sunday,ST GEORGE STATION TO B,MUO,0,0,,BD,0
2021/07/11,07:50,Sunday,BLOOR STATION,MUIRS,0,0,,YU,0
2021/07/11,09:36,Sunday,CHESTER STATION,MUO,14,20,W,BD,5150
2021/07/11,09:39,Sunday,COXWELL STATION,SUAP,5,11,W,BD,5114
2021/07/11,09:56,Sunday,EGLINTON STATION,MUNOA,5,10,N,YU,0
2021/07/11,10:18,Sunday,ST CLAIR STATION,MUIR,25,30,N,YU,5966
2021/07/11,10:22,Sunday,DUNDAS WEST STATION,EUDO,6,11,E,BD,5189
2021/07/11,10:37,Sunday,ISLINGTON STATION,TUSC,0,0,W,BD,5006
2021/07/11,10:58,Sunday,DUNDAS WEST STATION,SUDP,0,0,W,BD,5269
2021/07/11,11:02,Sunday,VAUGHAN MC STATION,MUNOA,5,10,N,YU,5836
2021/07/11,11:43,Sunday,WARDEN STATION,SUDP,3,8,E,BD,5341
2021/07/11,12:43,Sunday,COXWELL STATION,MUDD,5,10,E,BD,5017
2021/07/11,12:56,Sunday,YORK MILLS STATION,MUPAA,0,0,S,YU,5521
2021/07/11,13:09,Sunday,ST CLAIR STATION,SUO,0,0,,YU,0
2021/07/11,16:02,Sunday,BATHURST STATION,MUIS,0,0,,BD,0
2021/07/11,17:48,Sunday,ROSEDALE STATION,EUSC,0,0,N,YU,5466
2021/07/11,17:55,Sunday,YORK MILLS STATION,PUMEL,0,0,,YU,0
2021/07/11,18:37,Sunday,CASTLE FRANK STATION,SUAP,5,10,W,BD,5060
2021/07/11,21:20,Sunday,VICTORIA PARK STATION,MUIS,0,0,,BD,0
2021/07/11,21:24,Sunday,WILSON STATION,MUIS,0,0,,YU,0
2021/07/11,21:38,Sunday,ISLINGTON STATION,MUIS,0,0,W,BD,5213
2021/07/11,22:00,Sunday,YONGE-UNIVERSITY AND B,MUO,0,0,,YU,0
2021/07/11,23:13,Sunday,WARDEN STATION,SUAP,5,12,E,BD,5189
2021/07/11,23:44,Sunday,WARDEN STATION,MUIS,0,0,,BD,0
2021/07/11,00:11,Sunday,MAIN STREET STATION,SUDP,10,17,E,BD,5096
2021/07/11,00:36,Sunday,SUMMERHILL STATION,SUAP,14,21,N,YU,5626
2021/07/11,14:04,Sunday,DON MILLS STATION,PUSTS,0,0,E,SHP,6171
2021/07/11,16:15,Sunday,SHEPPARD-YONGE STATION,MUPAA,0,0,E,SHP,6161
2021/07/12,20:24,Monday,ELLESMERE STATION,MRUI,0,0,S,SRT,0
2021/07/12,02:04,Monday,FINCH STATION,MUIS,0,0,,YU,0
2021/07/12,05:43,Monday,DONLANDS STATION,EUSC,0,0,W,BD,5061
2021/07/12,06:40,Monday,ST ANDREW STATION,MUTO,3,6,S,YU,5806
2021/07/12,06:47,Monday,ROSEDALE STATION,MUATC,8,11,S,YU,5676
2021/07/12,06:48,Monday,UNION STATION,MUTO,0,0,N,YU,5806
2021/07/12,07:25,Monday,MAIN STREET STATION,EUSC,0,0,E,BD,5061
2021/07/12,08:17,Monday,VAUGHAN MC STATION,MUNOA,3,6,S,YU,0
2021/07/12,08:47,Monday,FINCH STATION,MUIS,0,0,,YU,0
2021/07/12,09:44,Monday,BLOOR STATION,SUDP,0,0,,YU,0
2021/07/12,10:04,Monday,KENNEDY BD STATION,TUCC,14,18,W,BD,5010
2021/07/12,10:16,Monday,SPADINA YUS STATION,MUD,7,10,S,YU,5531
2021/07/12,10:20,Monday,DUFFERIN STATION,SUO,7,11,E,BD,5084
2021/07/12,11:13,Monday,YORK MILLS STATION,MUIS,0,0,,YU,0
2021/07/12,11:21,Monday,KIPLING STATION,MUI,4,8,E,BD,5059
2021/07/12,12:03,Monday,SPADINA BD STATION,SUO,3,7,W,BD,5072
2021/07/12,13:13,Monday,BLOOR STATION,MUIS,0,0,,YU,0
2021/07/12,15:12,Monday,COLLEGE STATION,SUDP,3,6,N,YU,5491
2021/07/12,15:36,Monday,YONGE-UNIVERSITY AND B,MUATC,54,57,N,YU,5641
2021/07/12,17:00,Monday,HIGH PARK STATION,MUNCA,0,0,,BD,0
2021/07/12,18:02,Monday,GLENCAIRN STATION,SUDP,3,6,N,YU,5661
2021/07/12,18:19,Monday,KEELE STATION,TUMVS,4,8,W,BD,5365
2021/07/12,18:40,Monday,EGLINTON STATION,SUDP,4,9,N,YU,5781
2021/07/12,19:05,Monday,GREENWOOD CARHOUSE,PUMO,0,0,,BD,0
2021/07/12,19:07,Monday,MAIN STREET STATION,MUD,3,7,W,BD,5210
2021/07/12,19:09,Monday,MAIN STREET STATION,SUO,0,0,W,BD,0
2021/07/12,19:46,Monday,QUEEN STATION,MUIRS,0,0,,YU,0
2021/07/12,20:25,Monday,FINCH STATION,PUMEL,0,0,S,YU,0
2021/07/12,20:27,Monday,SPADINA BD STATION,MUIS,0,0,E,BD,0
2021/07/12,20:41,Monday,BLOOR STATION,MUIR,12,17,N,YU,5851
2021/07/12,21:03,Monday,COLLEGE STATION,MUIR,0,0,,YU,0
2021/07/12,22:00,Monday,YONGE UNIVERSITY AND B,MUO,0,0,,YU/BD,0
2021/07/12,22:19,Monday,DUNDAS WEST STATION,SUDP,0,0,E,BD,5112
2021/07/12,23:00,Monday,ST CLAIR WEST TO KING,MUO,0,0,B,YUS,0
2021/07/12,23:18,Monday,KIPLING STATION,MUIS,0,0,,BD,0
2021/07/12,00:05,Monday,KIPLING STATION,SUDP,5,17,E,BD,5114
2021/07/12,00:19,Monday,WILSON STATION,MUIRS,0,0,,YU,0
2021/07/12,00:43,Monday,KENNEDY BD STATION,MUIS,0,0,,BD,0
2021/07/12,00:56,Monday,LANSDOWNE STATION,SUPOL,9,17,W,BD,5207
2021/07/12,01:43,Monday,SHERBOURNE STATION,MUIS,0,0,W,BD,0
2021/07/12,12:11,Monday,LESLIE STATION,TUMVS,10,15,W,SHP,6161
2021/07/12,18:31,Monday,BESSARION STATION,PUOPO,4,9,W,SHP,6161
2021/07/12,19:14,Monday,DON MILLS STATION,MUNCA,0,0,,SHP,0
2021/07/12,19:53,Monday,BESSARION STATION,PUOPO,4,9,E,SHP,6156
2021/07/13,02:15,Tuesday,KENNEDY BD STATION,SUAE,0,0,,BD,0
2021/07/13,14:00,Tuesday,LINE 3 SCARBOROUGH SRT,MRWEA,0,0,,SRT,0
2021/07/13,05:46,Tuesday,DONLANDS STATION,EUSC,0,0,W,BD,5264
2021/07/13,17:27,Tuesday,LAWRENCE EAST STATION,TRNCA,0,0,,SRT,0
2021/07/13,05:50,Tuesday,FINCH STATION,EUTL,4,8,S,YU,5596
2021/07/13,06:00,Tuesday,ROSEDALE STATION,MUATC,3,7,S,YU,5651
2021/07/13,06:51,Tuesday,COXWELL STATION,EUSC,0,0,E,BD,5292
2021/07/13,08:06,Tuesday,YORK MILLS STATION,MUIS,0,0,,YU,0
2021/07/13,09:13,Tuesday,ST ANDREW STATION,MUPAA,0,0,N,YU,5801
2021/07/13,09:42,Tuesday,LAWRENCE WEST STATION,MUTD,3,7,S,YU,5541
2021/07/13,09:57,Tuesday,KEELE STATION,MUSAN,4,8,E,BD,5161
2021/07/13,10:03,Tuesday,DUNDAS WEST STATION,MUSAN,3,7,E,BD,5161
2021/07/13,10:43,Tuesday,MAIN STREET STATION,EUSC,0,0,W,BD,5264
2021/07/13,11:17,Tuesday,LAWRENCE WEST STATION,MUATC,7,10,S,YU,5706
2021/07/13,11:25,Tuesday,WELLESLEY STATION,MUIRS,0,0,,YU,0
2021/07/13,11:43,Tuesday,FINCH STATION,TUSC,0,0,N,YU,5511
2021/07/13,11:57,Tuesday,FINCH STATION,PUMEL,0,0,S,YU,5741
2021/07/13,12:14,Tuesday,SHEPPARD STATION,MUD,0,0,N,YU,5541
2021/07/13,12:23,Tuesday,VAUGHAN MC STATION,MUO,3,6,S,YU,5906
2021/07/13,14:01,Tuesday,OSSINGTON STATION,SUO,0,0,W,BD,5120
2021/07/13,14:13,Tuesday,WARDEN STATION,PUSTS,3,7,E,BD,5014
2021/07/13,14:16,Tuesday,YORK MILLS STATION,TUSC,0,0,S,YU,5576
2021/07/13,15:08,Tuesday,FINCH STATION,EUAC,3,6,S,YU,5646
2021/07/13,15:29,Tuesday,KIPLING STATION,TUOS,0,0,W,BD,5143
2021/07/13,16:07,Tuesday,KING STATION,MUI,0,0,N,YU,0
2021/07/13,17:03,Tuesday,SHEPPARD WEST STATION,MUSAN,3,6,N,YU,5791
2021/07/13,17:16,Tuesday,KEELE STATION,MUSC,0,0,W,BD,5236
2021/07/13,17:22,Tuesday,VICTORIA PARK STATION,SUUT,0,0,E,BD,5207
2021/07/13,17:28,Tuesday,YONGE BD STATION,SUUT,0,0,E,BD,5122
2021/07/13,17:43,Tuesday,VICTORIA PARK STATION,SUO,0,0,E,BD,5122
2021/07/13,18:31,Tuesday,SHEPPARD WEST STATION,MUTO,6,9,N,YU,5861
2021/07/13,18:44,Tuesday,DUFFERIN STATION,SUO,0,0,W,BD,5150
2021/07/13,20:00,Tuesday,WARDEN STATION,SUO,0,0,E,BD,5133
2021/07/13,20:58,Tuesday,MAIN STREET STATION,SUO,7,14,E,BD,5043
2021/07/13,21:43,Tuesday,FINCH STATION,MUIRS,0,0,,YU,0
2021/07/13,21:48,Tuesday,COXWELL STATION,SUDP,3,10,E,BD,5214
2021/07/13,22:00,Tuesday,YONGE UNIVERSITY AND B,MUO,0,0,,YU/BD,0
2021/07/13,22:21,Tuesday,DAVISVILLE STATION,SUDP,0,0,N,YU,5706
2021/07/13,22:57,Tuesday,COXWELL STATION,MUIS,0,0,,BD,0
2021/07/13,23:00,Tuesday,YONGE-UNIVERSITY AND B,MUO,0,0,,YU,0
2021/07/13,00:45,Tuesday,VICTORIA PARK STATION,MUIS,0,0,,BD,0
2021/07/13,00:51,Tuesday,YORK MILLS STATION,EUBK,7,14,S,YU,5786
2021/07/13,09:17,Tuesday,BAYVIEW STATION,MUPAA,0,0,W,SHP,6196
2021/07/13,10:05,Tuesday,SHEPPARD-YONGE STATION,PUCSC,12,17,W,SHP,6166
2021/07/13,15:16,Tuesday,SHEPPARD-YONGE STATION,TUMVS,0,0,W,SHP,6151
2021/07/13,17:35,Tuesday,BAYVIEW STATION,SUAE,0,0,,SHP,0
2021/07/13,17:44,Tuesday,BAYVIEW STATION,SUDP,0,0,E,SHP,6181
2021/07/13,18:33,Tuesday,BAYVIEW STATION,MUNCA,0,0,,SHP,0
2021/07/14,11:47,Wednesday,KENNEDY SRT STATION,MRWEA,0,0,,SRT,0
2021/07/14,02:10,Wednesday,KIPLING STATION,MUIS,0,0,,BD,5169
2021/07/14,17:26,Wednesday,LAWRENCE EAST STATION,ERDO,5,10,S,SRT,3012
2021/07/14,03:51,Wednesday,TRANSIT CONTROL CENTRE,PUSO,0,0,,,0
2021/07/14,18:42,Wednesday,MCCOWAN STATION,ERAC,5,10,S,SRT,3020
2021/07/14,05:58,Wednesday,N/O QUEEN TO MARKDALE,PUTWZ,35,0,N,YU,5721
2021/07/14,06:22,Wednesday,MAIN STREET STATION,SUAE,0,0,W,BD,5252
2021/07/14,06:50,Wednesday,BATHURST STATION,EUNT,4,8,E,BD,5204
2021/07/14,06:52,Wednesday,BLOOR STATION,SUDP,3,6,S,YU,5701
2021/07/14,07:24,Wednesday,BLOOR STATION,MUIS,0,0,,YU,0
2021/07/14,08:01,Wednesday,YORK MILLS STATION,MUSC,0,0,S,YU,5476
2021/07/14,08:02,Wednesday,FINCH STATION,MUTO,3,6,S,YU,5511
2021/07/14,08:33,Wednesday,ST CLAIR WEST STATION,MUTO,3,6,S,YU,5856
2021/07/14,08:40,Wednesday,COLLEGE STATION,SUDP,0,0,,YU,0
2021/07/14,09:02,Wednesday,ROSEDALE STATION,MUSC,3,6,N,YU,5831
2021/07/14,09:04,Wednesday,YONGE BD STATION,MUIRS,0,0,,BD,0
2021/07/14,09:07,Wednesday,YORK MILLS STATION,MUIRS,0,0,,YU,0
2021/07/14,09:23,Wednesday,DANFORTH DIVISION,MUO,0,0,,BD,0
2021/07/14,09:43,Wednesday,HIGH PARK STATION,PUMST,0,0,W,BD,0
2021/07/14,10:02,Wednesday,ROSEDALE STATION,MUSC,0,0,N,YU,5466
2021/07/14,12:54,Wednesday,MAIN STREET STATION,SUDP,5,9,E,BD,5214
2021/07/14,13:33,Wednesday,YORK MILLS STATION,EUSC,0,0,S,YU,5386
2021/07/14,13:58,Wednesday,EGLINTON STATION,EUSC,0,0,S,YU,5796
2021/07/14,14:48,Wednesday,WARDEN STATION,PUSTS,8,12,E,BD,5254
2021/07/14,15:02,Wednesday,KENNEDY BD STATION,MUO,4,8,W,BD,5210
2021/07/14,15:09,Wednesday,WARDEN STATION,PUSTS,6,10,E,BD,5337
2021/07/14,15:35,Wednesday,VAUGHAN MC STATION,PUSRA,3,6,S,YU,5581
2021/07/14,16:29,Wednesday,FINCH WEST STATION,TUO,3,6,S,YU,5581
2021/07/14,16:50,Wednesday,SHERBOURNE STATION,SUDP,9,13,E,BD,5301
2021/07/14,18:16,Wednesday,ST PATRICK STATION,EUBO,5,10,N,YU,5721
2021/07/14,18:52,Wednesday,WOODBINE STATION,MUIRS,0,0,,BD,0
2021/07/14,18:55,Wednesday,YORK MILLS STATION,TUOS,0,0,S,YU,5621
2021/07/14,19:13,Wednesday,KENNEDY BD STATION,MUIS,0,0,,BD,0
2021/07/14,20:31,Wednesday,DUFFERIN STATION,SUAE,0,0,,BD,0
2021/07/14,21:21,Wednesday,EGLINTON STATION,PUMEL,0,0,,YU,0
2021/07/14,21:59,Wednesday,LAWRENCE WEST STATION,EUPI,0,0,S,YU,5431
2021/07/14,22:00,Wednesday,YONGE UNIVERSITY AND B,MUO,0,0,B,YU/BD,0
2021/07/14,22:15,Wednesday,BLOOR STATION,MUIS,0,0,,YU,0
2021/07/14,22:49,Wednesday,CHRISTIE STATION,MUIS,0,0,,BD,0
2021/07/14,23:00,Wednesday,ST CLAIR WEST TO KING,MUO,0,0,B,YUS,0
2021/07/14,23:18,Wednesday,QUEEN STATION,SUDP,0,0,N,YU,5516
2021/07/14,23:19,Wednesday,WELLESLEY STATION,SUUT,3,10,N,YU,5516
2021/07/14,00:22,Wednesday,KING STATION,PUTWZ,4,11,N,YU,5681
2021/07/14,00:27,Wednesday,UNION STATION,MUIS,0,0,,YU,0
2021/07/14,05:46,Wednesday,SHEPPARD-YONGE STATION,EUECD,11,17,E,SHP,6156
2021/07/14,22:13,Wednesday,BAYVIEW STATION,PUOPO,8,14,W,SHP,6186
2021/07/14,22:24,Wednesday,BAYVIEW STATION,PUOPO,4,8,E,SHP,6166
2021/07/15,10:11,Thursday,LAWRENCE EAST STATION,ERDO,6,12,S,SRT,3024
2021/07/15,03:07,Thursday,TRANSIT CONTROL CENTRE,PUATC,0,0,,YU,0
2021/07/15,11:57,Thursday,MCCOWAN STATION,MRWEA,0,0,,SRT,0
2021/07/15,05:59,Thursday,VAUGHAN MC STATION,TUNIP,3,6,S,YU,5886
2021/07/15,09:28,Thursday,GREENWOOD CARHOUSE,MUIE,0,0,,BD,0
2021/07/15,15:05,Thursday,MCCOWAN STATION,MRNOA,5,10,S,SRT,3019
2021/07/15,09:38,Thursday,SHEPPARD STATION,TUOS,3,6,S,YU,5701
2021/07/15,09:50,Thursday,ROSEDALE STATION,MUSC,0,0,N,YU,5571
2021/07/15,09:50,Thursday,FINCH STATION,EUBK,3,6,S,YU,5766
2021/07/15,10:02,Thursday,KENNEDY BD STATION,MUIRS,0,0,,BD,0
2021/07/15,11:25,Thursday,ST CLAIR STATION,SUDP,3,6,S,YU,5996
2021/07/15,11:40,Thursday,COXWELL STATION,MUPAA,0,0,W,BD,5280
2021/07/15,11:48,Thursday,OSSINGTON STATION,MUPAA,3,7,W,BD,5017
2021/07/15,13:05,Thursday,ISLINGTON STATION,MUIRS,0,0,,BD,0
2021/07/15,13:35,Thursday,VAUGHAN MC STATION,MUNOA,3,6,S,YU,5671
2021/07/15,15:00,Thursday,FINCH STATION,MUSAN,3,6,S,YU,6021
2021/07/15,16:17,Thursday,GLENCAIRN STATION,EUDO,5,8,S,YU,5401
2021/07/15,16:26,Thursday,VICTORIA PARK STATION,SUO,4,8,W,BD,5017
2021/07/15,17:15,Thursday,DAVISVILLE STATION,SUUT,0,0,N,YU,6026
2021/07/15,17:37,Thursday,UNION STATION,MUO,0,0,,YU,0
2021/07/15,17:48,Thursday,OLD MILL STATION,EUNT,6,10,E,BD,5271
2021/07/15,18:21,Thursday,CASTLE FRANK STATION,MUIS,0,0,E,BD,0
2021/07/15,19:09,Thursday,LAWRENCE STATION,TUOS,3,8,N,YU,6056
2021/07/15,19:21,Thursday,WOODBINE STATION,MUIS,0,0,,BD,0
2021/07/15,19:49,Thursday,HIGHWAY 407 STATION,SUPOL,11,16,S,YU,5856
2021/07/15,20:36,Thursday,COXWELL STATION,SUAP,0,0,,BD,0
2021/07/15,22:00,Thursday,YONGE/UNIVERSITY AND B,MUO,0,0,,YU/BD,0
2021/07/15,22:35,Thursday,JANE STATION,MUNCA,0,0,,BD,0
2021/07/15,22:37,Thursday,DUFFERIN STATION,SUDP,3,10,E,BD,5100
2021/07/15,22:42,Thursday,DUFFERIN STATION,SUDP,0,0,W,BD,5192
2021/07/15,22:49,Thursday,DUNDAS WEST STATION,MUIS,0,0,W,BD,5192
2021/07/15,23:00,Thursday,ST. CLAIR WEST TO KING,MUO,0,0,,YU,0
2021/07/15,23:54,Thursday,FINCH STATION,MUSC,0,0,S,YU,5091
2021/07/15,00:33,Thursday,VICTORIA PARK STATION,SUDP,0,0,E,BD,5263
2021/07/15,21:57,Thursday,LESLIE STATION,MUSC,0,0,W,SHP,6176
2021/07/16,17:47,Friday,MIDLAND STATION,MRDD,3,8,S,SRT,3018
2021/07/16,03:18,Friday,TRANSIT CONTROL CENTRE,MUATC,0,0,,YU,0
2021/07/16,06:06,Friday,GREENWOOD STATION,MUO,6,11,E,BD,5197
2021/07/16,06:14,Friday,SHEPPARD STATION,PUSTC,6,10,S,YU,5936
2021/07/16,06:23,Friday,FINCH STATION,MUSAN,4,8,S,YU,5786
2021/07/16,06:33,Friday,ROSEDALE STATION,MUIS,0,0,N,YU,5561
2021/07/16,08:06,Friday,WOODBINE STATION,MUSAN,4,8,W,BD,5174
2021/07/16,08:34,Friday,SHEPPARD STATION,PUTR,3,6,S,YU,5801
2021/07/16,09:40,Friday,WOODBINE STATION,PUMST,0,0,,BD,0
2021/07/16,09:49,Friday,BATHURST STATION,MUIRS,0,0,W,BD,5161
2021/07/16,09:53,Friday,EGLINTON STATION,SUO,0,0,N,YU,5501
2021/07/16,10:23,Friday,KIPLING STATION,MUIRS,0,0,,BD,0
2021/07/16,11:51,Friday,COXWELL STATION,MUO,8,12,W,BD,5236
2021/07/16,12:04,Friday,SHEPPARD WEST STATION,SUO,0,0,S,YU,5821
2021/07/16,14:28,Friday,OSSINGTON STATION,MUIS,0,0,,BD,0
2021/07/16,15:55,Friday,JANE STATION,SUO,0,0,W,BD,5017
2021/07/16,16:23,Friday,ROSEDALE STATION,MUSC,0,0,N,YU,5601
2021/07/16,17:01,Friday,YORK MILLS STATION,MUSC,0,0,S,YU,5696
2021/07/16,17:27,Friday,FINCH STATION,MUNCA,0,0,,YU,0
2021/07/16,17:45,Friday,COXWELL STATION,SUDP,0,0,W,BD,5204
2021/07/16,17:54,Friday,ISLINGTON STATION,MUNCA,0,0,,BD,0
2021/07/16,18:15,Friday,YORK MILLS STATION,MUSC,0,0,S,YU,5826
2021/07/16,18:31,Friday,ST GEORGE YUS STATION,SUO,11,14,N,YU,5716
2021/07/16,20:13,Friday,KEELE STATION,SUPOL,0,0,W,BD,5191
2021/07/16,22:00,Friday,YONGE-UNIVERSITY AND B,MUO,0,0,,YU/BD,0
2021/07/16,22:37,Friday,PAPE STATION,MUIS,0,0,,BD,0
2021/07/16,00:49,Friday,DONLANDS STATION,SUDP,3,10,E,BD,5008
2021/07/16,00:58,Friday,QUEEN STATION,MUIS,0,0,,YU,0
2021/07/16,01:53,Friday,CHESTER STATION,SUDP,0,0,E,BD,0
2021/07/16,03:11,Friday,SHEPPARD-YONGE STATION,EUOE,0,0,W,SHP,6151
2021/07/16,05:31,Friday,DON MILLS STATION,PUSTP,6,0,W,SHP,6151
2021/07/16,07:29,Friday,DON MILLS STATION,MUIS,0,0,,SHP,0
2021/07/16,12:38,Friday,SHEPPARD-YONGE STATION,TUMVS,6,11,W,SHP,6151
2021/07/16,19:18,Friday,DON MILLS STATION,EUSC,0,0,W,SHP,6176
2021/07/17,02:20,Saturday,FINCH STATION,SUDP,0,0,,YU,0
2021/07/17,07:58,Saturday,LAWRENCE EAST STATION,ERDO,3,9,S,SRT,3018
2021/07/17,02:29,Saturday,KENNEDY BD STATION,MUIS,0,0,,BD,0
2021/07/17,12:15,Saturday,LAWRENCE EAST STATION,MRPAA,3,9,S,SRT,3012
2021/07/17,02:32,Saturday,SHEPPARD STATION,MUIRS,0,0,,YU,0
2021/07/17,05:55,Saturday,EGLINTON STATION,MUIRS,0,0,,YU,0
2021/07/17,05:58,Saturday,ST CLAIR STATION,PUSO,10,0,S,YU,5511
2021/07/17,07:56,Saturday,OSSINGTON STATION,TUMVS,7,13,E,BD,5100
2021/07/17,09:05,Saturday,OSGOODE STATION,MUNCA,0,0,,YU,0
2021/07/17,11:00,Saturday,FINCH STATION,SUDP,15,20,S,YU,5861
2021/07/17,11:22,Saturday,GREENWOOD STATION,MUNOA,4,8,E,BD,0
2021/07/17,12:33,Saturday,ST CLAIR STATION,SUDP,6,11,S,YU,5751
2021/07/17,13:26,Saturday,ST CLAIR STATION,EUTRD,7,14,S,YU,5991
2021/07/17,13:50,Saturday,MAIN STREET STATION,MUIS,0,0,E,BD,5100
2021/07/17,14:34,Saturday,PAPE STATION,MUIRS,0,0,W,BD,0
2021/07/17,14:46,Saturday,ST CLAIR STATION,MUIR,6,13,N,YU,5536
2021/07/17,14:55,Saturday,ST CLAIR WEST STATION,MUPAA,0,0,S,YU,5931
2021/07/17,15:18,Saturday,YONGE BD STATION,MUD,8,12,W,BD,5095
2021/07/17,15:58,Saturday,EGLINTON STATION,SUAE,0,0,,YU,0
2021/07/17,16:05,Saturday,SUMMERHILL STATION,MUIRS,0,0,,YU,0
2021/07/17,16:49,Saturday,BAY STATION,MUIR,4,8,W,BD,5179
2021/07/17,17:23,Saturday,COXWELL STATION,MUNOA,4,8,E,BD,5125
2021/07/17,17:42,Saturday,LAWRENCE STATION,SUUT,11,17,N,YU,6096
2021/07/17,17:55,Saturday,KIPLING STATION,MUIS,0,0,,BD,0
2021/07/17,18:21,Saturday,LAWRENCE STATION,SUPOL,12,18,N,YU,6096
2021/07/17,18:39,Saturday,KIPLING STATION,MUIS,0,0,,BD,0
2021/07/17,19:13,Saturday,YORK MILLS STATION,MUPAA,0,0,S,YU,6091
2021/07/17,19:26,Saturday,EGLINTON STATION,MUIS,0,0,,YU,0
2021/07/17,19:37,Saturday,VAUGHAN MC STATION,MUIS,0,0,,YU,0
2021/07/17,20:07,Saturday,QUEEN'S PARK STATION,MUIRS,0,0,,YU,0
2021/07/17,21:00,Saturday,ST GEORGE BD STATION,SUPOL,13,20,E,BD,5254
2021/07/17,21:02,Saturday,ST GEORGE YUS STATION,SUPOL,13,20,S,YU,5706
2021/07/17,21:26,Saturday,BROADVIEW STATION,SUDP,0,0,E,BD,5172
2021/07/17,21:31,Saturday,ST PATRICK STATION,SUDP,4,11,S,YU,5581
2021/07/17,22:00,Saturday,YONGE-UNIVERSITY AND B,MUO,0,0,,YU/BD,0
2021/07/17,22:20,Saturday,GLENCAIRN STATION,SUDP,4,11,S,YU,5931
2021/07/17,22:35,Saturday,MAIN STREET STATION,SUPOL,19,26,W,BD,5180
2021/07/17,00:30,Saturday,EGLINTON WEST STATION,SUDP,0,0,S,YU,5531
2021/07/17,00:31,Saturday,BROADVIEW STATION,MUIS,0,0,,BD,0
2021/07/17,05:47,Saturday,LESLIE STATION,TUNIP,3,0,E,SHP,6166
2021/07/17,15:48,Saturday,SHEPPARD-YONGE STATION,MUSC,0,0,E,SHP,6171
2021/07/17,16:32,Saturday,SHEPPARD-YONGE STATION,PUSTS,5,10,E,SHP,6171
2021/07/17,16:45,Saturday,SHEPPARD-YONGE STATION,PUSTS,0,0,E,SHP,6196
2021/07/17,16:59,Saturday,SHEPPARD-YONGE STATION,PUSTS,0,0,E,SHP,6181
2021/07/18,13:06,Sunday,LAWRENCE EAST STATION,PRSL,13,18,S,SRT,3012
2021/07/18,08:00,Sunday,YONGE UNIVERSITY SUBWA,MUO,0,0,,YU,0
2021/07/18,13:30,Sunday,LINE 3,MRWEA,0,0,,SRT,0
2021/07/18,09:56,Sunday,ROSEDALE STATION,MUSC,0,0,N,YU,5496
2021/07/18,13:06,Sunday,DUNDAS WEST STATION,SUDP,0,0,,BD,0
2021/07/18,13:09,Sunday,BLOOR STATION,MUIRS,0,0,S,YU,5576
2021/07/18,13:17,Sunday,WARDEN STATION,PUSTS,4,9,E,BD,5099
2021/07/18,14:42,Sunday,DUNDAS WEST STATION,MUDD,3,8,W,BD,5194
2021/07/18,15:01,Sunday,KIPLING STATION,TUMVS,0,0,W,BD,5245
2021/07/18,15:03,Sunday,WARDEN STATION,PUSTS,0,0,E,BD,5099
2021/07/18,15:08,Sunday,WARDEN STATION,PUSTS,3,8,E,BD,5220
2021/07/18,15:21,Sunday,WARDEN STATION,PUSTS,3,8,E,BD,5120
2021/07/18,17:03,Sunday,BLOOR STATION,MUIS,0,0,N,YU,0
2021/07/18,17:37,Sunday,EGLINTON WEST STATION,MUIS,0,0,N,YU,0
2021/07/18,20:05,Sunday,ST CLAIR STATION,PUMEL,0,0,,YU,0
2021/07/18,20:07,Sunday,CHRISTIE STATION,MUIRS,0,0,,BD,0
2021/07/18,21:57,Sunday,DUNDAS STATION,MUIS,0,0,N,YU,0
2021/07/18,22:00,Sunday,YONGE-UNIVERSITY AND B,MUO,0,0,,YU/BD,0
2021/07/18,00:27,Sunday,ST CLAIR WEST STATION,SUO,0,0,,YU,0
2021/07/18,00:58,Sunday,KING STATION,SUDP,0,0,S,YU,5656
2021/07/19,07:56,Monday,MIDLAND STATION,MRD,4,10,S,SRT,3024
2021/07/19,05:40,Monday,YORK MILLS STATION,PUSTS,4,0,N,YU,5711
2021/07/19,11:03,Monday,MCCOWAN STATION,MRWEA,0,0,,SRT,0
2021/07/19,06:11,Monday,WELLESLEY STATION,MUO,0,0,,YU,0
2021/07/19,07:44,Monday,EGLINTON WEST STATION,SUUT,0,0,S,YU,0
2021/07/19,19:06,Monday,LAWRENCE EAST STATION,MRUI,0,0,,SRT,0
2021/07/19,09:14,Monday,SHERBOURNE STATION,MUNCA,0,0,,BD,0
2021/07/19,09:31,Monday,LAWRENCE STATION,EUSC,4,7,N,YU,5991
2021/07/19,09:58,Monday,FINCH STATION,MUSC,0,0,S,YU,5571
2021/07/19,10:02,Monday,LANSDOWNE STATION,MUIRS,0,0,W,BD,0
2021/07/19,10:51,Monday,KEELE STATION,SUAP,6,10,W,BD,5096
2021/07/19,11:31,Monday,KIPLING STATION,PUMEL,0,0,,BD,0
2021/07/19,11:56,Monday,OLD MILL STATION,MUPAA,0,0,E,BD,5236
2021/07/19,13:36,Monday,SHERBOURNE STATION,TUOS,4,8,E,BD,5198
2021/07/19,14:07,Monday,EGLINTON WEST STATION,TUO,3,6,S,YU,5991
2021/07/19,14:14,Monday,GLENCAIRN STATION,MUATC,3,6,S,YU,5626
2021/07/19,14:42,Monday,KENNEDY BD STATION,PUTIJ,6,10,E,BD,5250
2021/07/19,16:44,Monday,ST CLAIR STATION,SUDP,5,8,N,YU,6036
2021/07/19,17:07,Monday,SPADINA BD STATION,MUIS,0,0,W,BD,5062
2021/07/19,18:06,Monday,BLOOR STATION,MUO,0,0,N,YU,5861
2021/07/19,18:19,Monday,ROSEDALE STATION,MUSC,0,0,,YU,5726
2021/07/19,19:00,Monday,ROSEDALE STATION,MUSC,0,0,N,YU,5661
2021/07/19,19:38,Monday,PAPE STATION,MUI,5,9,E,BD,5250
2021/07/19,20:15,Monday,KENNEDY BD STATION,MUIS,0,0,,BD,0
2021/07/19,20:35,Monday,ROSEDALE STATION,MUSC,0,0,N,YU,5736
2021/07/19,20:35,Monday,COXWELL STATION,MUIS,0,0,W,BD,0
2021/07/19,21:53,Monday,VAUGHAN MC STATION,TUO,4,11,S,YU,5811
2021/07/19,22:00,Monday,YONGE-UNIVERSITY AND B,MUO,0,0,,YU/BD,0
2021/07/19,23:00,Monday,BLOOR DANFORTH LINE,MUO,0,0,,BD,0
2021/07/19,01:05,Monday,KIPLING STATION,MUIS,0,0,,BD,0
2021/07/19,01:21,Monday,QUEEN STATION,SUAE,0,0,N,YU,0
2021/07/19,22:04,Monday,SHEPPARD-YONGE STATION,PUMO,0,0,,SHP,0
2021/07/20,06:10,Tuesday,KENNEDY BD STATION,EUSC,3,8,W,BD,5260
2021/07/20,10:43,Tuesday,SCARBOROUGH RAPID TRAN,MRWEA,0,0,,SRT,0
2021/07/20,06:18,Tuesday,ST CLAIR WEST STATION,SUEAS,10,13,N,YU,5826
2021/07/20,07:52,Tuesday,KENNEDY BD STATION,EUSC,0,0,W,BD,5260
2021/07/20,08:47,Tuesday,KENNEDY BD STATION,EUPI,3,7,W,BD,5187
2021/07/20,10:04,Tuesday,DUFFERIN STATION,MUPAA,0,0,E,BD,5289
2021/07/20,10:08,Tuesday,WARDEN STATION,PUSTS,3,7,E,BD,5325
2021/07/20,10:51,Tuesday,FINCH STATION,MUSAN,5,10,S,YU,6056
2021/07/20,11:04,Tuesday,VAUGHAN MC STATION,EUDO,3,6,S,YU,6131
2021/07/20,11:11,Tuesday,VICTORIA PARK STATION,PUMEL,0,0,,BD,0
2021/07/20,11:40,Tuesday,ROSEDALE STATION,TUMVS,10,13,S,YU,6116
2021/07/20,12:19,Tuesday,YONGE BD STATION,TUSC,0,0,E,BD,5256
2021/07/20,13:10,Tuesday,VAUGHAN MC STATION,MUNOA,3,6,S,YU,0
2021/07/20,14:15,Tuesday,KENNEDY BD STATION,EUNT,4,8,,BD,5064
2021/07/20,14:39,Tuesday,DUNDAS WEST STATION,PUMEL,0,0,,BD,0
2021/07/20,14:47,Tuesday,KENNEDY BD STATION,EUNT,4,8,,BD,5126
2021/07/20,15:03,Tuesday,COLLEGE STATION,MUIR,7,10,N,YU,6036
2021/07/20,15:04,Tuesday,KIPLING STATION,TUO,4,8,,BD,5235
2021/07/20,15:12,Tuesday,GREENWOOD STATION,SUDP,4,8,E,BD,5236
2021/07/20,15:16,Tuesday,BLOOR STATION,EUDO,0,0,S,YU,5621
2021/07/20,15:26,Tuesday,UNION STATION,EUCD,3,6,N,YU,5621
2021/07/20,15:40,Tuesday,ST CLAIR WEST STATION,MUTO,4,7,N,YU,6091
2021/07/20,15:48,Tuesday,LANSDOWNE STATION,SUDP,0,0,E,BD,5256
2021/07/20,18:21,Tuesday,FINCH STATION,MUSC,0,0,S,YU,5866
2021/07/20,19:52,Tuesday,ROYAL YORK STATION,PUMEL,0,0,,BD,0
2021/07/20,19:54,Tuesday,KIPLING STATION,MUIS,0,0,,BD,0
2021/07/20,19:59,Tuesday,KIPLING STATION,MUIS,0,0,,BD,0
2021/07/20,20:14,Tuesday,BAY STATION,SUO,5,12,W,BD,5225
2021/07/20,21:41,Tuesday,QUEEN STATION,MUIRS,0,0,S,YU,0
2021/07/20,21:46,Tuesday,VAUGHAN MC STATION,MUWR,7,14,S,YU,5991
2021/07/20,21:49,Tuesday,DUNDAS WEST STATION,SUDP,0,0,W,BD,5150
2021/07/20,21:52,Tuesday,ROYAL YORK STATION,SUDP,0,0,E,BD,5179
2021/07/20,22:00,Tuesday,YONGE-UNIVERSITY AND B,MUO,0,0,B,YU/BD,0
2021/07/20,22:11,Tuesday,WARDEN STATION,SUDP,7,14,E,BD,5236
2021/07/20,23:00,Tuesday,BLOOR DANFORTH LINE,MUO,0,0,,BD,0
2021/07/21,13:55,Wednesday,ELLESMERE STATION,MRPAA,0,0,S,SRT,3008
2021/07/21,02:33,Wednesday,LINE 1 AND LINE 2 AND,PUSRA,0,0,,BD,0
2021/07/21,05:54,Wednesday,EGLINTON STATION,MUATC,4,9,N,YU,0
2021/07/21,15:44,Wednesday,MIDLAND STATION,SRDP,3,8,N,SRT,3019
2021/07/21,07:30,Wednesday,SPADINA BD STATION,MUPAA,0,0,E,BD,5254
2021/07/21,09:13,Wednesday,EGLINTON STATION,SUDP,5,8,S,YU,5516
2021/07/21,09:36,Wednesday,ROYAL YORK STATION,MUD,6,10,W,BD,5182
2021/07/21,11:10,Wednesday,ISLINGTON STATION,MUSC,3,7,W,BD,5039
2021/07/21,12:00,Wednesday,BLOOR STATION,SUAP,0,0,S,YU,0
2021/07/21,12:11,Wednesday,DUNDAS WEST STATION,MUIRS,0,0,,BD,0
2021/07/21,12:40,Wednesday,MUSEUM STATION,MUIR,8,11,N,YU,6106
2021/07/21,13:03,Wednesday,DUFFERIN STATION,MUIS,0,0,,BD,0
2021/07/21,14:03,Wednesday,VAUGHAN MC STATION,TUNIP,3,6,S,YU,5681
2021/07/21,15:52,Wednesday,WARDEN STATION,MUIRS,0,0,W,BD,0
2021/07/21,16:51,Wednesday,COXWELL STATION,MUI,19,24,E,BD,5168
2021/07/21,17:27,Wednesday,NORTH YORK CTR STATION,SUAP,0,0,S,YU,0
2021/07/21,17:28,Wednesday,FINCH STATION,MUNOA,3,6,S,YU,5000
2021/07/21,17:36,Wednesday,SHERBOURNE STATION,PUTSC,4,8,E,BD,5063
2021/07/21,18:30,Wednesday,HIGH PARK STATION,MUD,3,7,E,BD,5204
2021/07/21,18:31,Wednesday,VAUGHAN MC STATION,TUNOA,3,6,S,YU,0
2021/07/21,18:58,Wednesday,ROSEDALE STATION,MUSC,0,0,N,YU,5551
2021/07/21,19:06,Wednesday,ST CLAIR STATION,MUIS,0,0,N,YU,0
2021/07/21,19:21,Wednesday,ST CLAIR WEST STATION,MUPAA,0,0,N,YU,5676
2021/07/21,21:16,Wednesday,COLLEGE STATION,MUIS,0,0,N,YU,5596
2021/07/21,22:00,Wednesday,YONGE-UNIVERSITY AND B,MUO,0,0,B,YUS & BD,0
2021/07/21,22:16,Wednesday,WOODBINE STATION,MUIS,0,0,,BD,0
2021/07/21,22:17,Wednesday,SHERBOURNE STATION,SUDP,12,20,E,BD,5250
2021/07/21,22:20,Wednesday,KIPLING STATION,PUMEL,0,0,,BD,0
2021/07/21,22:21,Wednesday,OSGOODE STATION,EUOPO,7,14,S,YU,5391
2021/07/21,22:33,Wednesday,BROADVIEW STATION,SUDP,5,13,E,BD,5209
2021/07/21,23:00,Wednesday,ST GEORGE STATION TO W,MUO,0,0,,BD,0
2021/07/21,23:09,Wednesday,KENNEDY BD STATION,MUIS,0,0,,BD,0
2021/07/21,23:31,Wednesday,FINCH STATION,MUI,7,14,S,YU,5696
2021/07/21,23:36,Wednesday,KIPLING STATION,MUSAN,8,16,E,BD,5289
2021/07/21,23:42,Wednesday,ST GEORGE YUS STATION,SUDP,4,11,N,YU,5716
2021/07/21,23:48,Wednesday,BLOOR STATION,MUIRS,0,0,,YU,0
2021/07/21,00:06,Wednesday,DOWNSVIEW PARK STATION,MUIR,3,10,N,YU,5686
2021/07/21,00:37,Wednesday,VAUGHAN MC STATION,MUIS,0,0,S,YU,0
2021/07/21,01:30,Wednesday,ST CLAIR STATION,MUIS,0,0,,YU,0
2021/07/21,01:59,Wednesday,BATHURST STATION,SUUT,8,16,E,BD,5049
2021/07/21,07:42,Wednesday,LESLIE STATION,TUOS,4,9,E,SHP,6171
2021/07/21,18:05,Wednesday,LESLIE STATION,MUTD,5,10,E,SHP,6166
2021/07/21,18:08,Wednesday,BESSARION STATION,TUMVS,7,12,E,SHP,6146
2021/07/21,18:23,Wednesday,DON MILLS STATION,MUNOA,5,10,W,SHP,6146
2021/07/21,19:36,Wednesday,SHEPPARD-YONGE STATION,TUSC,0,0,W,SHP,6141
2021/07/21,22:03,Wednesday,SHEPPARD-YONGE STATION,MUTO,3,8,E,SHP,6196
2021/07/22,02:16,Thursday,DUFFERIN STATION,SUAE,0,0,,BD,0
2021/07/22,06:12,Thursday,KENNEDY SRT STATION,ERTC,5,11,S,SRT,3013
2021/07/22,02:30,Thursday,"LINE 1, LINE 2 AND LIN",PUSRA,0,0,,BD,0
2021/07/22,16:03,Thursday,LINE 3 SCARBOROUGH SRT,MRWEA,0,0,,SRT,0
2021/07/22,05:39,Thursday,KENNEDY BD STATION,PUTWZ,58,0,W,BD,5194
2021/07/22,06:43,Thursday,OLD MILL STATION,EUME,5,10,W,BD,5235
2021/07/22,06:45,Thursday,JANE STATION TO OLD MI,TUMVS,0,0,W,BD,5168
2021/07/22,08:23,Thursday,SHERBOURNE STATION,PUSNT,0,0,E,BD,5325
2021/07/22,08:29,Thursday,CHESTER STATION,TUO,4,8,E,BD,5325
2021/07/22,08:48,Thursday,ISLINGTON STATION,PUSNT,3,7,E,BD,5263
2021/07/22,09:28,Thursday,KIPLING STATION,TUMVS,0,0,W,BD,5114
2021/07/22,12:18,Thursday,YORK MILLS STATION,MUSC,0,0,S,YU,6101
2021/07/22,12:25,Thursday,UNION STATION,MUPAA,0,0,N,YU,5646
2021/07/22,12:45,Thursday,KENNEDY BD STATION,MUSAN,4,8,E,BD,5254
2021/07/22,12:46,Thursday,ST CLAIR WEST STATION,MUATC,7,10,S,YU,5381
2021/07/22,13:47,Thursday,UNION STATION,SUDP,3,6,N,YU,5816
2021/07/22,13:52,Thursday,VAUGHAN MC STATION,MUCL,4,7,S,YU,5421
2021/07/22,13:58,Thursday,OSGOODE STATION,MUPAA,0,0,N,YU,5676
2021/07/22,14:08,Thursday,ST CLAIR WEST STATION,TUO,3,6,N,YU,5816
2021/07/22,14:28,Thursday,KENNEDY BD STATION,SUDP,4,8,W,BD,5182
2021/07/22,14:41,Thursday,KIPLING STATION,SUDP,0,0,,BD,0
2021/07/22,17:08,Thursday,BROADVIEW STATION,SUBT,38,42,W,BD,5271
2021/07/22,17:21,Thursday,WELLESLEY STATION,MUIS,0,0,,YU,0
2021/07/22,17:56,Thursday,SPADINA BD STATION,SUUT,0,0,E,BD,5336
2021/07/22,18:27,Thursday,COXWELL STATION,TUKEY,10,14,W,BD,5121
2021/07/22,18:39,Thursday,BROADVIEW STATION,SUAP,0,0,,BD,0
2021/07/22,19:45,Thursday,LAWRENCE STATION,MUPAA,3,8,N,YU,5991
2021/07/22,19:51,Thursday,SHEPPARD-YONGE STATION,SUO,0,0,S,YU,6101
2021/07/22,20:01,Thursday,DUNDAS WEST STATION,MUI,20,27,W,BD,5177
2021/07/22,20:10,Thursday,LAWRENCE STATION,SUDP,6,11,S,YU,5996
2021/07/22,20:16,Thursday,CHRISTIE STATION,MUSAN,7,11,E,BD,5053
2021/07/22,20:19,Thursday,YORK MILLS STATION,TUMVS,0,0,S,YU,5571
2021/07/22,21:06,Thursday,VAUGHAN MC STATION,MUTO,7,14,S,YU,0
2021/07/22,22:00,Thursday,YONGE-UNIVERSITY AND B,MUO,0,0,,YU/BD,0
2021/07/22,22:19,Thursday,COLLEGE STATION,PUMEL,0,0,,YU,0
2021/07/22,23:07,Thursday,SHEPPARD STATION,MUPAA,0,0,N,YU,5496
2021/07/22,23:30,Thursday,VICTORIA PARK STATION,SUAP,0,0,W,BD,0
2021/07/22,23:49,Thursday,DUFFERIN STATION,MUIRS,0,0,E,BD,5188
2021/07/22,00:49,Thursday,EGLINTON WEST STATION,SUDP,10,17,N,YU,5651
2021/07/22,01:30,Thursday,KIPLING STATION,MUTO,13,0,E,BD,5055
2021/07/22,05:44,Thursday,DON MILLS STATION,MUSC,3,8,E,SHP,6191
2021/07/22,19:51,Thursday,SHEPPARD-YONGE STATION,SUDP,5,10,W,SHP,6176
2021/07/23,06:47,Friday,MCCOWAN STATION,ERDB,5,10,N,SRT,3013
2021/07/23,02:23,Friday,VAUGHAN MC STATION,SUO,0,0,S,YU,5991
2021/07/23,10:49,Friday,KENNEDY SRT STATION,MRTO,10,15,N,SRT,3003
2021/07/23,05:52,Friday,KIPLING STATION,MUNOA,6,12,E,BD,5188
2021/07/23,11:27,Friday,SCARBOROUGH CTR STATIO,MRUIR,3,9,N,SRT,3023
2021/07/23,05:56,Friday,YONGE BD STATION,MUCL,4,0,W,BD,5237
2021/07/23,05:56,Friday,BROADVIEW STATION,MUIS,0,0,,BD,0
2021/07/23,13:49,Friday,SCARBOROUGH CTR STATIO,MRUIR,0,0,,SRT,0
2021/07/23,15:08,Friday,LINE 3 SCARBOROUGH SRT,MRWEA,0,0,,SRT,0
2021/07/23,06:21,Friday,OSGOODE STATION,MUIR,0,0,,YU,0
2021/07/23,22:58,Friday,KENNEDY SRT STATION,ERPR,9,15,S,SRT,3014
2021/07/23,06:45,Friday,LAWRENCE STATION,MUIS,0,0,S,YU,5466
2021/07/23,01:02,Friday,MCCOWAN STATION,ERCD,6,12,S,SRT,3014
2021/07/23,10:20,Friday,WILSON STATION,MUIS,0,0,,YU,0
2021/07/23,12:23,Friday,ST CLAIR WEST STATION,MUPAA,0,0,S,YU,5916
2021/07/23,13:25,Friday,OSGOODE STATION,MUNCA,0,0,,YU,0
2021/07/23,13:54,Friday,DUNDAS WEST STATION,SUAP,10,14,W,BD,5191
2021/07/23,14:07,Friday,MAIN STREET STATION,SUUT,3,7,W,BD,5220
2021/07/23,14:11,Friday,EGLINTON STATION,TUMVS,0,0,S,YU,5381
2021/07/23,14:14,Friday,DAVISVILLE STATION,TUCC,8,11,S,YU,5381
2021/07/23,14:23,Friday,ST GEORGE BD STATION,MUIR,4,8,E,BD,5188
2021/07/23,14:34,Friday,ST CLAIR STATION,MUIS,0,0,,YU,0
2021/07/23,15:54,Friday,BROADVIEW STATION,PUMEL,0,0,,BD,0
2021/07/23,16:52,Friday,CASTLE FRANK STATION,MUPAA,4,8,E,BD,5232
2021/07/23,17:31,Friday,KENNEDY BD STATION,TUSUP,4,8,E,BD,5131
2021/07/23,17:32,Friday,KIPLING STATION,SUAP,0,0,,BD,0
2021/07/23,17:33,Friday,VAUGHAN MC STATION,SUDP,0,0,,YU,0
2021/07/23,17:49,Friday,RUNNYMEDE STATION,SUDP,0,0,W,BD,5099
2021/07/23,19:23,Friday,FINCH STATION,PUMEL,0,0,,YU,0
2021/07/23,19:39,Friday,WELLESLEY STATION,MUPAA,0,0,N,YU,5801
2021/07/23,20:07,Friday,DUNDAS STATION,MUIR,3,8,S,YU,5641
2021/07/23,21:34,Friday,DAVISVILLE STATION,MUIR,4,7,N,YU,6066
2021/07/23,22:00,Friday,YONGE-UNIVERSITY AND B,MUO,0,0,,YU/BD,0
2021/07/23,23:14,Friday,DUPONT STATION,SUAP,0,0,S,YU,5966
2021/07/23,23:20,Friday,ST GEORGE YUS STATION,SUDP,0,0,N,YU,5806
2021/07/23,23:33,Friday,BLOOR STATION,MUIS,0,0,S,YU,0
2021/07/23,00:26,Friday,WARDEN STATION,PUMEL,0,0,,BD,0
2021/07/23,01:46,Friday,WARDEN STATION,MUIS,0,0,,BD,0
2021/07/23,01:50,Friday,KEELE STATION,MUPAA,0,0,W,BD,5053
2021/07/23,01:55,Friday,KENNEDY BD STATION,SUAE,0,0,,BD,5181
2021/07/23,01:59,Friday,KIPLING STATION,MUIS,0,0,,BD,0
2021/07/23,18:27,Friday,DON MILLS STATION,MUSC,3,8,W,SHP,6156
2021/07/24,02:05,Saturday,FINCH STATION,MUI,0,0,S,YU,5901
2021/07/24,05:56,Saturday,MCCOWAN STATION,TRNIP,4,10,S,SRT,3016
2021/07/24,06:16,Saturday,GREENWOOD STATION,MUNOA,7,14,E,BD,0
2021/07/24,22:15,Saturday,MCCOWAN STATION,SRO,0,0,S,SRT,3022
2021/07/24,07:50,Saturday,VAUGHAN MC STATION,EUBK,9,15,S,YU,5766
2021/07/24,08:09,Saturday,SHEPPARD WEST STATION,MUTO,3,8,S,YU,5616
2021/07/24,08:47,Saturday,SPADINA BD STATION,EUNT,7,12,E,BD,5132
2021/07/24,08:51,Saturday,SPADINA BD STATION,MUIS,0,0,,BD,0
2021/07/24,11:23,Saturday,FINCH STATION,MUSAN,4,8,S,YU,5606
2021/07/24,11:37,Saturday,KENNEDY BD STATION,EUDO,4,8,E,BD,5351
2021/07/24,12:16,Saturday,VICTORIA PARK STATION,EUCD,4,8,W,BD,5351
2021/07/24,12:27,Saturday,PAPE STATION,MUPAA,0,0,E,BD,5028
2021/07/24,12:39,Saturday,MUSEUM STATION,EUDO,4,8,N,YU,6051
2021/07/24,12:42,Saturday,VAUGHAN MC STATION,MUNOA,4,8,S,YU,0
2021/07/24,12:51,Saturday,DUNDAS STATION,MUNCA,0,0,,YU,0
2021/07/24,13:39,Saturday,FINCH STATION,MUIRS,0,0,,YU,0
2021/07/24,13:43,Saturday,VAUGHAN MC STATION,MUATC,11,15,N,YU,5651
2021/07/24,13:47,Saturday,SHERBOURNE STATION,SUDP,0,0,E,BD,5223
2021/07/24,13:59,Saturday,WOODBINE STATION,MUI,12,16,E,BD,5223
2021/07/24,14:23,Saturday,ISLINGTON STATION,TUSUP,0,0,E,BD,5232
2021/07/24,14:23,Saturday,DUNDAS WEST STATION,MUNCA,0,0,,BD,0
2021/07/24,14:32,Saturday,COXWELL STATION,MUNOA,4,8,E,BD,0
2021/07/24,14:37,Saturday,HIGHWAY 407 STATION,TUOS,4,8,N,YU,5906
2021/07/24,14:40,Saturday,VAUGHAN MC STATION,MUNOA,4,8,S,YU,0
2021/07/24,15:02,Saturday,EGLINTON STATION,MUIS,0,0,,YU,0
2021/07/24,15:17,Saturday,QUEEN'S PARK STATION,SUO,0,0,,YU,0
2021/07/24,16:01,Saturday,EGLINTON STATION,SUUT,15,19,N,YU,5756
2021/07/24,16:30,Saturday,UNION STATION,MUIRS,0,0,,YU,0
2021/07/24,16:38,Saturday,VAUGHAN MC STATION,MUNOA,4,8,S,YU,0
2021/07/24,16:48,Saturday,SHEPPARD STATION,PUMEL,0,0,,YU,0
2021/07/24,17:14,Saturday,SHERBOURNE STATION,MUO,0,0,,BD,0
2021/07/24,18:00,Saturday,COXWELL STATION,MUNOA,4,8,,BD,0
2021/07/24,18:47,Saturday,RUNNYMEDE STATION,SUSA,0,0,,BD,0
2021/07/24,19:01,Saturday,KIPLING STATION,PUSTS,0,0,W,BD,5055
2021/07/24,20:07,Saturday,YORKDALE STATION,MUIRS,0,0,N,YU,5561
2021/07/24,21:19,Saturday,SHERBOURNE STATION,MUIS,0,0,E,BD,0
2021/07/24,21:31,Saturday,ST ANDREW STATION,MUPAA,0,0,N,YU,5971
2021/07/24,21:59,Saturday,COXWELL STATION,MUNOA,4,8,,BD,0
2021/07/24,22:00,Saturday,YONGE UNIVERSITY AND B,MUO,0,0,,YU/BD,0
2021/07/24,23:26,Saturday,CHESTER STATION,MUIS,0,0,,BD,0
2021/07/24,00:07,Saturday,PIONEER VILLAGE STATIO,MUSAN,7,14,S,YU,5991
2021/07/24,00:31,Saturday,DUFFERIN STATION,MUIS,0,0,,BD,0
2021/07/24,00:40,Saturday,PAPE STATION,PUMO,0,0,E,BD,0
2021/07/24,01:25,Saturday,GREENWOOD YARD,MUIE,0,0,,BD,0
2021/07/24,18:58,Saturday,DON MILLS STATION,MUIR,5,10,W,SHP,6141
2021/07/25,10:34,Sunday,ELLESMERE STATION,MRO,6,12,N,SRT,3013
2021/07/25,08:00,Sunday,ST GEORGE TO BROADVIEW,MUO,0,0,,BD,0
2021/07/25,08:02,Sunday,DONLANDS STATION,MUO,10,0,W,BD,5074
2021/07/25,11:23,Sunday,SCARBOROUGH RAPID TRAN,MRWEA,0,0,,SRT,0
2021/07/25,08:18,Sunday,ROSEDALE STATION,PUTWZ,3,9,N,YU,6066
2021/07/25,11:38,Sunday,OLD MILL STATION,EUSC,0,0,E,BD,5251
2021/07/25,12:45,Sunday,CHESTER STATION,SUAP,3,8,E,BD,5362
2021/07/25,12:58,Sunday,DUNDAS STATION,PUMEL,0,0,,YU,0
2021/07/25,13:05,Sunday,YONGE BD STATION,SUAE,0,0,,BD,0
2021/07/25,13:08,Sunday,NORTH YORK CTR STATION,MUIRS,0,0,,YU,0
2021/07/25,13:14,Sunday,HIGH PARK STATION,SUDP,0,0,,BD,0
2021/07/25,15:59,Sunday,UNION STATION,MUIR,0,0,N,YU,5636
2021/07/25,16:45,Sunday,SHERBOURNE STATION,SUUT,16,21,E,BD,5028
2021/07/25,16:51,Sunday,PIONEER VILLAGE STATIO,MUO,0,0,,YU,0
2021/07/25,17:07,Sunday,QUEEN'S PARK STATION,MUNCA,0,0,,YU,0
2021/07/25,17:20,Sunday,SUMMERHILL STATION,MUPAA,0,0,N,YU,5436
2021/07/25,18:05,Sunday,YONGE BD STATION,MUIS,0,0,W,BD,0
2021/07/25,18:17,Sunday,OLD MILL STATION,SUDP,0,0,E,BD,5028
2021/07/25,18:25,Sunday,DUFFERIN STATION,MUD,3,8,W,BD,5225
2021/07/25,18:56,Sunday,CHRISTIE STATION,SUO,5,10,W,BD,5017
2021/07/25,19:02,Sunday,SHEPPARD WEST STATION,MUPAA,0,0,S,YU,5456
2021/07/25,19:26,Sunday,EGLINTON STATION,MUIS,0,0,,YU,0
2021/07/25,19:49,Sunday,DAVISVILLE CARHOUSE,MUO,0,0,,YU,0
2021/07/25,20:29,Sunday,DUNDAS WEST STATION,MUIS,0,0,,BD,0
2021/07/25,20:54,Sunday,FINCH STATION,MUIRS,0,0,,YU,0
2021/07/25,20:55,Sunday,MAIN STREET STATION,MUPAA,0,0,E,BD,5077
2021/07/25,22:00,Sunday,YONGE-UNIVERSITY AND B,MUO,0,0,,YU/BD,0
2021/07/25,22:10,Sunday,KIPLING STATION,MUIR,7,14,E,BD,5364
2021/07/25,00:20,Sunday,ST CLAIR STATION,MUSAN,7,14,N,YU,5646
2021/07/25,00:47,Sunday,KEELE STATION,MUIRS,0,0,W,BD,0
2021/07/25,01:49,Sunday,SHERBOURNE STATION,EUVE,26,33,E,BD,5022
2021/07/25,07:59,Sunday,LESLIE STATION,PUSTP,10,0,E,SHP,6146
2021/07/25,17:41,Sunday,BESSARION STATION,PUOPO,5,10,W,SHP,6141
2021/07/25,18:29,Sunday,BAYVIEW STATION,PUSTS,0,0,W,SHP,0
2021/07/25,22:28,Sunday,BAYVIEW STATION,PUOPO,3,8,W,SHP,6146
2021/07/26,09:22,Monday,SCARBOROUGH RAPID TRAN,MRWEA,0,0,,SRT,0
2021/07/26,02:14,Monday,VAUGHAN MC STATION,SUDP,0,0,,YU,0
2021/07/26,06:14,Monday,FINCH STATION,MUSC,3,7,S,YU,5991
2021/07/26,09:31,Monday,MIDLAND STATION,ERME,5,10,S,SRT,3016
2021/07/26,11:43,Monday,KENNEDY SRT STATION,ERCD,4,9,S,SRT,3016
2021/07/26,06:37,Monday,WOODBINE STATION,EUSC,0,0,W,BD,5294
2021/07/26,12:03,Monday,KENNEDY SRT STATION,MRTO,10,15,N,SRT,3005
2021/07/26,06:44,Monday,QUEEN STATION,MUPAA,0,0,S,YU,5991
2021/07/26,17:20,Monday,MIDLAND STATION,MRUIR,0,0,N,SRT,3015
2021/07/26,07:03,Monday,YORK MILLS STATION,SUO,8,11,S,YU,5621
2021/07/26,07:13,Monday,YORK MILLS STATION,SUDP,0,0,N,YU,5421
2021/07/26,07:17,Monday,YORK MILLS STATION,SUDP,15,18,N,YU,5471
2021/07/26,08:42,Monday,VICTORIA PARK STATION,EUDO,3,7,E,BD,5240
2021/07/26,10:38,Monday,ST CLAIR WEST STATION,SUAE,0,0,N,YU,5756
2021/07/26,11:52,Monday,CHESTER STATION,TUSC,0,0,E,BD,5152
2021/07/26,12:16,Monday,FINCH STATION,MUIRS,0,0,,YU,0
2021/07/26,12:28,Monday,WOODBINE STATION,SUDP,8,12,W,BD,5013
2021/07/26,12:31,Monday,MUSEUM STATION,MUATC,5,8,S,YU,5831
2021/07/26,12:50,Monday,YORK UNIVERSITY STATIO,SUDP,4,7,N,YU,5451
2021/07/26,12:53,Monday,SUMMERHILL STATION,SUDP,19,22,N,YU,5831
2021/07/26,14:21,Monday,ST ANDREW STATION,MUATC,9,12,N,YU,5701
2021/07/26,14:42,Monday,SHERBOURNE STATION,PUTSC,3,7,E,BD,5364
2021/07/26,14:55,Monday,KENNEDY BD STATION,SUAP,0,0,,BD,0
2021/07/26,15:40,Monday,QUEEN'S PARK STATION,PUMST,0,0,,YU,0
2021/07/26,15:51,Monday,FINCH STATION,MUNOA,3,6,S,YU,0
2021/07/26,16:03,Monday,SUMMERHILL STATION,MUIE,3,6,S,YU,5911
2021/07/26,16:40,Monday,VAUGHAN MC STATION,MUNOA,3,6,S,YU,6026
2021/07/26,17:26,Monday,GREENWOOD STATION,MUNCA,0,0,,BD,0
2021/07/26,17:35,Monday,MUSEUM STATION,MUNCA,0,0,,YU,0
2021/07/26,18:04,Monday,WARDEN STATION,MUPAA,0,0,E,BD,5191
2021/07/26,18:11,Monday,HIGH PARK STATION,EUNT,5,9,W,BD,5160
2021/07/26,19:11,Monday,QUEEN STATION,MUPAA,0,0,N,YU,5796
2021/07/26,19:15,Monday,LAWRENCE STATION,PUSWZ,8,13,S,YU,5591
2021/07/26,20:32,Monday,WOODBINE STATION,PUSI,4,11,W,BD,5217
2021/07/26,20:50,Monday,EGLINTON STATION,MUIS,0,0,,YU,0
2021/07/26,22:00,Monday,YONGE-UNIVERSITY AND B,MUO,0,0,,YU/BD,0
2021/07/26,01:06,Monday,QUEEN STATION,MUIS,0,0,N,YU,5431
2021/07/26,01:19,Monday,VICTORIA PARK STATION,SUDP,0,0,,BD,0
2021/07/26,01:58,Monday,FINCH STATION,MUIS,0,0,,YU,0
2021/07/26,04:55,Monday,DON MILLS STATION,MUNCA,0,0,,SHP,0
2021/07/26,05:05,Monday,LESLIE STATION,MUNCA,0,0,,SHP,0
2021/07/26,05:31,Monday,DON MILLS STATION,TUCC,4,0,W,SHP,6141
2021/07/26,07:24,Monday,BESSARION STATION,TUMVS,5,10,E,SHP,6196
2021/07/26,18:16,Monday,BESSARION STATION,MUIS,0,0,,SHP,0
2021/07/27,02:06,Tuesday,UNION STATION,SUEAS,0,0,,YU,0
2021/07/27,04:24,Tuesday,SPADINA BD STATION,SUAP,0,0,,BD,0
2021/07/27,04:57,Tuesday,DAVISVILLE STATION,PUSNT,0,0,S,YU,0
2021/07/27,05:18,Tuesday,SHEPPARD WEST STATION,TUO,4,8,N,YU,5691
2021/07/27,06:10,Tuesday,ROYAL YORK STATION,PUSI,0,0,E,BD,5360
2021/07/27,06:27,Tuesday,ROYAL YORK STATION,PUSI,0,0,W,BD,5110
2021/07/27,08:15,Tuesday,ST GEORGE BD STATION,MUI,0,0,E,BD,5020
2021/07/27,08:21,Tuesday,ST GEORGE YUS STATION,SUDP,3,6,S,YU,5686
2021/07/27,08:43,Tuesday,KENNEDY BD STATION,PUMEL,0,0,,BD,0
2021/07/27,10:47,Tuesday,SPADINA BD STATION,SUDP,0,0,,BD,0
2021/07/27,10:50,Tuesday,WILSON STATION,MUPAA,0,0,S,YU,5831
2021/07/27,10:59,Tuesday,KENNEDY BD STATION,MUTO,3,7,W,BD,5254
2021/07/27,11:00,Tuesday,ST CLAIR WEST STATION,MUIR,0,0,N,YU,5811
2021/07/27,11:10,Tuesday,VAUGHAN MC STATION,MUO,3,6,N,YU,5964
2021/07/27,12:10,Tuesday,KENNEDY BD STATION,EUME,4,8,W,BD,5360
2021/07/27,12:52,Tuesday,WARDEN STATION,TUOS,0,0,E,BD,5331
2021/07/27,13:14,Tuesday,VAUGHAN MC STATION,MUNOA,3,6,S,YU,0
2021/07/27,13:40,Tuesday,GREENWOOD SHOP,EUO,0,0,,BD,0
2021/07/27,13:44,Tuesday,MAIN STREET STATION,EUSC,0,0,W,BD,5294
2021/07/27,13:52,Tuesday,KEELE STATION,PUSTS,5,9,E,BD,5165
2021/07/27,13:59,Tuesday,VAUGHAN MC STATION,MUNOA,3,6,S,YU,0
2021/07/27,14:02,Tuesday,VAUGHAN MC STATION,MUNOA,3,6,S,YU,0
2021/07/27,14:25,Tuesday,OSSINGTON STATION,SUAP,11,15,E,BD,5130
2021/07/27,14:59,Tuesday,EGLINTON STATION,SUDP,4,7,N,YU,6121
2021/07/27,15:16,Tuesday,BATHURST STATION,MUDD,12,16,E,BD,5200
2021/07/27,15:33,Tuesday,YONGE BD STATION,SUUT,8,12,W,BD,5362
2021/07/27,15:48,Tuesday,JANE STATION,EUCO,3,7,E,BD,5160
2021/07/27,17:03,Tuesday,BAY STATION,MUI,8,12,E,BD,5150
2021/07/27,17:16,Tuesday,SPADINA BD STATION,SUPOL,4,8,W,BD,5238
2021/07/27,17:27,Tuesday,SPADINA YUS STATION,SUO,14,17,N,YU,5401
2021/07/27,17:32,Tuesday,SPADINA BD STATION,SUDP,0,0,E,BD,5167
2021/07/27,18:04,Tuesday,YORKDALE STATION,TUO,5,8,S,YU,5431
2021/07/27,18:14,Tuesday,SHEPPARD STATION,SUDP,5,8,S,YU,5691
2021/07/27,18:16,Tuesday,KENNEDY BD STATION,SUO,0,0,,BD,0
2021/07/27,18:20,Tuesday,WOODBINE STATION,MUNCA,0,0,,BD,0
2021/07/27,20:41,Tuesday,BLOOR STATION,MUIS,0,0,S,YU,0
2021/07/27,21:40,Tuesday,YORK MILLS STATION,TUOS,3,10,S,YU,5436
2021/07/27,22:00,Tuesday,YONGE-UNIVERSITY AND B,MUO,0,0,,YU / BD,0
2021/07/27,23:01,Tuesday,ST CLAIR STATION,SUO,4,11,S,YU,5621
2021/07/27,00:44,Tuesday,SHERBOURNE STATION,MUIS,0,0,,BD,0
2021/07/27,01:13,Tuesday,KIPLING STATION,MUIR,7,14,E,BD,5274
2021/07/27,01:56,Tuesday,ROSEDALE STATION,MUIS,0,0,,YU,0
2021/07/27,09:51,Tuesday,SHEPPARD-YONGE STATION,TUNIP,0,0,E,SHP,6196
2021/07/27,18:22,Tuesday,DON MILLS STATION,TUMVS,0,0,E,SHP,6181
2021/07/28,03:07,Wednesday,GREENWOOD YARD,MUWR,0,0,,BD,0
2021/07/28,06:07,Wednesday,MCCOWAN STATION,MRO,5,10,S,SRT,3000
2021/07/28,07:20,Wednesday,MCCOWAN STATION,ERTC,5,10,S,SRT,3012
2021/07/28,05:42,Wednesday,UNION STATION,MUIRS,0,0,,YU,0
2021/07/28,13:40,Wednesday,KENNEDY SRT STATION,MRTO,6,12,S,SRT,3012
2021/07/28,06:37,Wednesday,ROSEDALE STATION,MUSC,0,0,N,YU,6111
2021/07/28,06:52,Wednesday,CHRISTIE STATION,TUS,3,8,E,BD,5227
2021/07/28,13:57,Wednesday,KENNEDY SRT STATION,PRSL,136,142,S,SRT,3000
2021/07/28,07:54,Wednesday,FINCH STATION,MUSC,3,6,S,YU,5466
2021/07/28,17:23,Wednesday,SCARBOROUGH CTR STATIO,TRNCA,0,0,,SRT,0
2021/07/28,07:56,Wednesday,ROSEDALE STATION,TUATC,5,8,S,YU,5386
2021/07/28,08:29,Wednesday,YONGE BD STATION,TUO,0,0,W,BD,5209
2021/07/28,09:17,Wednesday,EGLINTON STATION,SUDP,3,6,S,YU,5671
2021/07/28,09:48,Wednesday,ROSEDALE STATION,TUATC,4,7,S,YU,5426
2021/07/28,09:50,Wednesday,FINCH WEST STATION,EUNT,3,6,N,YU,5766
2021/07/28,11:03,Wednesday,DONLANDS STATION,MUPAA,0,0,E,BD,5077
2021/07/28,11:20,Wednesday,YORK MILLS STATION,MUIRS,4,7,S,YU,5881
2021/07/28,11:23,Wednesday,DAVISVILLE STATION,PUMEL,0,0,,YU,0
2021/07/28,11:27,Wednesday,BLOOR STATION,MUI,33,35,N,YU,5721
2021/07/28,13:17,Wednesday,VICTORIA PARK STATION,MUSAN,4,8,W,BD,5124
2021/07/28,14:03,Wednesday,DUFFERIN STATION,MUIR,5,9,E,BD,5160
2021/07/28,14:48,Wednesday,UNION STATION,MUO,3,6,N,YU,5426
2021/07/28,15:52,Wednesday,SPADINA YUS STATION,MUI,0,0,W,BD,5052
2021/07/28,16:51,Wednesday,VAUGHAN MC STATION,MUNOA,3,6,S,YU,5591
2021/07/28,17:03,Wednesday,JANE STATION,SUDP,0,0,E,BD,5138
2021/07/28,17:04,Wednesday,ST CLAIR STATION,MUIRS,0,0,S,YU,0
2021/07/28,17:05,Wednesday,KENNEDY BD STATION,PUSCR,4,8,E,BD,5193
2021/07/28,17:13,Wednesday,UNION STATION,MUIR,3,6,N,YU,5496
2021/07/28,17:16,Wednesday,ST GEORGE YUS STATION,SUDP,0,0,,YU,0
2021/07/28,17:31,Wednesday,VAUGHAN MC STATION,MUNOA,3,6,S,YU,0
2021/07/28,18:11,Wednesday,KENNEDY BD STATION,PUTIJ,13,17,W,BD,5351
2021/07/28,19:53,Wednesday,KENNEDY BD STATION,PUSO,9,16,W,BD,5064
2021/07/28,20:55,Wednesday,BROADVIEW STATION,MUIS,0,0,,BD,0
2021/07/28,22:00,Wednesday,YONGE-UNIVERSITY AND B,MUO,0,0,,YU / BD,0
2021/07/28,22:20,Wednesday,KENNEDY BD STATION,SUSA,0,0,,BD,0
2021/07/28,23:17,Wednesday,COXWELL STATION,SUUT,7,14,W,BD,5064
2021/07/28,23:38,Wednesday,ISLINGTON STATION,MUIS,0,0,,BD,0
2021/07/28,01:31,Wednesday,ISLINGTON STATION,EUBK,13,20,W,BD,5064
2021/07/28,08:27,Wednesday,BAYVIEW STATION,TUOS,7,12,W,SHP,6186
2021/07/28,22:39,Wednesday,LESLIE STATION,PUOPO,9,14,W,SHP,6191
2021/07/29,05:59,Thursday,KEELE STATION,EUYRD,5,10,W,BD,0
2021/07/29,15:10,Thursday,MCCOWAN YARD,ERLT,5,10,,SRT,3000
2021/07/29,06:16,Thursday,WARDEN STATION,MUTO,4,9,W,BD,5353
2021/07/29,06:52,Thursday,NORTH YORK CTR STATION,TUOS,0,0,S,YU,5701
2021/07/29,06:57,Thursday,BLOOR STATION,MUPAA,0,0,N,YU,5676
2021/07/29,10:42,Thursday,EGLINTON WEST STATION,MUIS,0,0,N,YU,5756
2021/07/29,11:19,Thursday,BATHURST STATION,MUIS,0,0,,BD,0
2021/07/29,11:27,Thursday,ROSEDALE STATION,MUSC,0,0,N,YU,5881
2021/07/29,12:00,Thursday,BLOOR STATION,MUIR,3,6,N,YU,5641
2021/07/29,12:18,Thursday,EGLINTON STATION,MUPAA,0,0,N,YU,5751
2021/07/29,12:29,Thursday,DUNDAS WEST STATION,MUIS,0,0,,BD,0
2021/07/29,12:33,Thursday,MUSEUM STATION,TUATC,3,6,S,YU,5976
2021/07/29,12:37,Thursday,FINCH STATION,MUI,3,6,S,YU,5671
2021/07/29,13:08,Thursday,VAUGHAN MC STATION,MUIRS,0,0,,YU,0
2021/07/29,13:10,Thursday,COXWELL STATION,SUDP,0,0,W,BD,5035
2021/07/29,14:39,Thursday,HIGH PARK STATION,EUDO,6,10,W,BD,5057
2021/07/29,14:45,Thursday,OSSINGTON STATION,TUMVS,6,10,E,BD,5168
2021/07/29,15:49,Thursday,WELLESLEY STATION,MUIS,0,0,,YU,0
2021/07/29,16:18,Thursday,DUFFERIN STATION,MUD,4,8,W,BD,5203
2021/07/29,16:19,Thursday,COXWELL STATION,TUOS,0,0,W,BD,5165
2021/07/29,16:29,Thursday,GREENWOOD STATION,MUIS,0,0,,BD,0
2021/07/29,16:32,Thursday,KEELE STATION,PUSTS,0,0,W,BD,5167
2021/07/29,16:36,Thursday,FINCH STATION,TUSC,0,0,N,YU,5766
2021/07/29,16:49,Thursday,ST GEORGE YUS STATION,MUIS,0,0,,YU,0
2021/07/29,17:14,Thursday,VAUGHAN MC STATION,MUNOA,3,6,,YU,0
2021/07/29,17:16,Thursday,RUNNYMEDE STATION,SUDP,3,7,W,BD,5134
2021/07/29,17:33,Thursday,KIPLING STATION,MUIRS,0,0,,BD,0
2021/07/29,17:35,Thursday,FINCH STATION,MUIE,3,6,N,YU,5806
2021/07/29,18:57,Thursday,FINCH WEST STATION,SUDP,3,6,N,YU,6051
2021/07/29,19:04,Thursday,KENNEDY BD STATION,PUTIJ,7,14,W,BD,0
2021/07/29,19:12,Thursday,KENNEDY BD STATION,MUI,7,14,W,BD,5235
2021/07/29,20:05,Thursday,MAIN STREET STATION,SUO,0,0,,BD,0
2021/07/29,22:00,Thursday,YONGE-UNIVERSITY AND B,MUO,0,0,,YU/BD,0
2021/07/29,22:36,Thursday,FINCH STATION,MUIS,0,0,,YU,0
2021/07/29,22:51,Thursday,DUNDAS WEST STATION,SUDP,0,0,,BD,0
2021/07/29,23:11,Thursday,KIPLING STATION,SUDP,0,0,,BD,0
2021/07/29,23:24,Thursday,FINCH STATION,MUIS,0,0,,YU,0
2021/07/29,01:30,Thursday,MAIN STREET STATION,MUIS,0,0,,BD,0
2021/07/29,02:32,Thursday,SHEPPARD-YONGE STATION,MUIS,0,0,,SHP,0
2021/07/30,02:03,Friday,JANE STATION,MUIS,0,0,,BD,0
2021/07/30,02:20,Friday,HIGHWAY 407 STATION,SUUT,10,0,S,YU,5756
2021/07/30,06:09,Friday,COLLEGE STATION,MUIRS,0,0,N,YU,0
2021/07/30,06:23,Friday,CHRISTIE STATION,EUBK,7,11,E,BD,5063
2021/07/30,07:06,Friday,KIPLING STATION,MUIS,0,0,,BD,0
2021/07/30,07:37,Friday,SHEPPARD STATION,SUAE,0,0,,YU,0
2021/07/30,08:27,Friday,FINCH STATION,MUSC,0,0,S,YU,5726
2021/07/30,09:02,Friday,LAWRENCE STATION,TUO,7,10,N,YU,6056
2021/07/30,09:21,Friday,VAUGHAN MC STATION,MUATC,5,8,S,YU,5516
2021/07/30,09:34,Friday,BLOOR STATION,SUO,3,6,S,YU,5656
2021/07/30,10:35,Friday,VAUGHAN MC STATION,MUNOA,3,6,S,YU,5476
2021/07/30,10:43,Friday,EGLINTON STATION,MUSC,0,0,N,YU,5721
2021/07/30,10:49,Friday,KENNEDY BD STATION,EUCO,4,8,E,BD,5218
2021/07/30,11:52,Friday,VAUGHAN MC STATION,MUTO,3,6,S,YU,5521
2021/07/30,12:37,Friday,GREENWOOD STATION,MUSAN,4,8,W,BD,5156
2021/07/30,13:10,Friday,EGLINTON WEST STATION,MUIS,0,0,,YU,0
2021/07/30,13:41,Friday,FINCH STATION,MUNOA,3,6,N,YU,6121
2021/07/30,14:25,Friday,EGLINTON STATION,PUMST,0,0,,YU,0
2021/07/30,14:56,Friday,VAUGHAN MC STATION,MUNOA,3,6,S,YU,6096
2021/07/30,15:14,Friday,VAUGHAN MC STATION,MUNOA,3,6,S,YU,6136
2021/07/30,15:49,Friday,KEELE STATION,SUO,0,0,,BD,0
2021/07/30,16:07,Friday,WARDEN STATION,SUDP,19,23,E,BD,5048
2021/07/30,16:45,Friday,PAPE STATION,MUIS,0,0,W,BD,0
2021/07/30,17:12,Friday,VAUGHAN MC STATION,MUNOA,3,6,S,YU,0
2021/07/30,18:30,Friday,PIONEER VILLAGE STATIO,MUIR,0,0,S,YU,5711
2021/07/30,19:07,Friday,PAPE STATION,SUAP,9,13,E,BD,5235
2021/07/30,19:07,Friday,EGLINTON STATION,SUDP,0,0,,YU,0
2021/07/30,19:36,Friday,VAUGHAN MC STATION,MUNOA,5,10,S,YU,5516
2021/07/30,19:57,Friday,YORKDALE STATION,MUIRS,0,0,,YU,0
2021/07/30,20:03,Friday,WELLESLEY STATION,MUIS,0,0,,YU,0
2021/07/30,20:21,Friday,COXWELL STATION,SUDP,4,11,W,BD,5015
2021/07/30,20:22,Friday,CASTLE FRANK STATION,MUIS,0,0,,BD,0
2021/07/30,22:00,Friday,YONGE-UNIVERSITY AND B,MUO,0,0,,YU/BD,0
2021/07/30,22:09,Friday,VAUGHAN MC STATION,MUNOA,5,10,S,YU,5526
2021/07/30,22:20,Friday,CASTLE FRANK STATION,MUIRS,0,0,,BD,0
2021/07/30,22:43,Friday,UNION STATION,MUIS,0,0,,YU,0
2021/07/30,23:52,Friday,ST CLAIR WEST STATION,MUIRS,0,0,,YU,0
2021/07/30,23:58,Friday,KIPLING STATION,SUAP,0,0,,BD,8054
2021/07/30,00:07,Friday,FINCH STATION,MUIS,0,0,,YU,0
2021/07/30,00:50,Friday,ROSEDALE STATION,SUAP,3,10,N,YU,5536
2021/07/30,01:39,Friday,FINCH STATION,MUIRS,0,0,,YU,0
2021/07/30,01:56,Friday,BLOOR STATION,SUDP,3,10,N,YU,5991
2021/07/31,02:02,Saturday,GLENCAIRN STATION,SUUT,0,0,N,YU,5506
2021/07/31,11:41,Saturday,LAWRENCE EAST STATION,ERDO,4,10,S,SRT,3026
2021/07/31,02:05,Saturday,LAWRENCE WEST STATION,SUUT,13,20,N,YU,5506
2021/07/31,02:39,Saturday,ROSEDALE STATION,PUTOE,0,0,S,YU,83
2021/07/31,05:45,Saturday,KIPLING TO JANE STATIO,MUO,0,0,,BD,0
2021/07/31,06:03,Saturday,DAVISVILLE STATION,PUSI,0,0,S,YU,5996
2021/07/31,06:07,Saturday,ST GEORGE BD STATION,EUDO,5,10,W,BD,5199
2021/07/31,06:46,Saturday,KEELE STATION,MUIE,0,0,,BD,0
2021/07/31,09:23,Saturday,HIGH PARK STATION,TUOS,3,7,E,BD,5235
2021/07/31,10:13,Saturday,EGLINTON STATION,MUSC,0,0,N,YU,5761
2021/07/31,10:36,Saturday,WILSON STATION,MUNOA,4,8,S,YU,0
2021/07/31,12:53,Saturday,EGLINTON WEST STATION,MUO,0,0,,YU,0
2021/07/31,13:07,Saturday,BLOOR STATION,MUIE,0,0,,YU,0
2021/07/31,13:14,Saturday,VAUGHAN MC STATION,MUNOA,4,8,S,YU,0
2021/07/31,13:23,Saturday,BLOOR STATION,SUUT,19,23,N,YU,5626
2021/07/31,13:33,Saturday,JANE STATION,PUMEL,0,0,,BD,0
2021/07/31,14:03,Saturday,BAY STATION,MUPAA,0,0,E,BD,5152
2021/07/31,14:11,Saturday,UNION STATION,MUSAN,4,8,S,YU,5526
2021/07/31,14:11,Saturday,BLOOR STATION,PUMEL,0,0,E,YU,0
2021/07/31,14:19,Saturday,ST PATRICK STATION,MUIR,10,14,N,YU,5526
2021/07/31,14:44,Saturday,SPADINA BD STATION,PUMEL,0,0,,BD,0
2021/07/31,15:09,Saturday,BLOOR STATION,SUUT,5,9,N,YU,5786
2021/07/31,16:00,Saturday,ST GEORGE BD STATION,TUMVS,6,10,W,BD,5365
2021/07/31,16:37,Saturday,VAUGHAN MC STATION,MUNOA,4,8,S,YU,0
2021/07/31,16:49,Saturday,CASTLE FRANK STATION,MUIRS,0,0,,BD,0
2021/07/31,17:37,Saturday,DUNDAS WEST STATION,SUUT,5,9,W,BD,5177
2021/07/31,17:41,Saturday,FINCH STATION,PUMEL,0,0,,YU,0
2021/07/31,17:49,Saturday,WELLESLEY STATION,MUIS,0,0,,YU,0
2021/07/31,17:55,Saturday,MAIN STREET STATION,MUPAA,0,0,W,BD,5134
2021/07/31,18:33,Saturday,CHRISTIE STATION,PUTDN,6,10,W,BD,5156
2021/07/31,20:48,Saturday,KIPLING STATION,MUPAA,3,10,E,BD,5165
2021/07/31,21:43,Saturday,ST CLAIR STATION,PUSI,0,0,S,YU,5451
2021/07/31,21:49,Saturday,ST CLAIR STATION,PUSI,0,0,S,YU,6036
2021/07/31,21:56,Saturday,ST CLAIR STATION,PUSI,0,0,S,YU,6081
2021/07/31,22:00,Saturday,YONGE-UNIVERSITY AND B,MUO,0,0,,YU / BD,0
2021/07/31,22:07,Saturday,QUEEN STATION,MUIR,7,14,N,YU,5831
2021/07/31,22:10,Saturday,ISLINGTON STATION,SUO,0,0,E,BD,5206
2021/07/31,22:35,Saturday,QUEEN'S PARK STATION,MUIS,0,0,,YU,0
2021/07/31,23:47,Saturday,FINCH STATION,MUIRS,0,0,,YU,0
2021/07/31,00:11,Saturday,ST PATRICK STATION,MUIS,0,0,,YU,0
2021/07/31,00:49,Saturday,QUEEN'S PARK STATION,SUDP,0,0,N,YU,5451
2021/07/31,01:03,Saturday,DUPONT STATION,MUPAA,3,10,N,YU,6106
2021/07/31,01:20,Saturday,PIONEER VILLAGE STATIO,MUPAA,4,11,N,YU,5451
2021/07/31,01:57,Saturday,HIGH PARK STATION,MUIRS,0,0,,BD,0
2021/07/31,13:08,Saturday,DON MILLS STATION,PUCSC,0,0,W,SHP,6186
2021/07/31,16:58,Saturday,BESSARION STATION,PUOPO,7,12,E,SHP,6196